{
    "5937fd0086f7742bf33fc198" : {
        "position" : {
            "x": 100.578163,
            "y": 1.16586256,
            "z": -6.816542
        },
        "mustUnlockNearbyDoor": true,
        "nearbyDoorSearchRadius": 5,
        "nearbyDoorInteractionPosition": {
            "x": 100.578163,
            "y": 1.16586256,
            "z": -6.816542
        }
    },
    "619252352be33f26043400a7" : {
        "position" : {
            "x": 141.1595,
            "y": 3.32964182,
            "z": -130.344269
        }
    }
}