[
    {
        "repeatable": false,
        "minLevel": 0,
        "maxLevel": 99,
        "chanceForSelecting": 20,
        "priority": 20,
        "name": "Chairman's House",
        "objectives" : [
            {
                "repeatable": false,
                "maxBots": 2,
                "minDistanceFromBot": 30,
                "maxDistanceFromBot": 500,
                "steps": [
                    {
                        "position" : {
                            "x": 407.169067,
                            "y": -53.36436,
                            "z": -46.4891052
                        }
                    }
                ]
            }
        ]
    },
    {
        "repeatable": false,
        "minLevel": 0,
        "maxLevel": 99,
        "chanceForSelecting": 20,
        "priority": 20,
        "name": "Church",
        "objectives" : [
            {
                "repeatable": false,
                "maxBots": 2,
                "minDistanceFromBot": 30,
                "maxDistanceFromBot": 750,
                "steps": [
                    {
                        "position" : {
                            "x": 287.601776,
                            "y": -50.6278572,
                            "z": -43.31086
                        }
                    }
                ]
            }
        ]
    },
    {
        "repeatable": false,
        "minLevel": 0,
        "maxLevel": 99,
        "chanceForSelecting": 25,
        "priority": 20,
        "name": "Village",
        "objectives" : [
            {
                "repeatable": false,
                "maxBots": 2,
                "minDistanceFromBot": 15,
                "maxDistanceFromBot": 1000,
                "steps": [
                    {
                        "position" : {
                            "x": 425.557953,
                            "y": -54.22162,
                            "z": 66.58849
                        }
                    }
                ]
            },
            {
                "repeatable": false,
                "maxBots": 2,
                "minDistanceFromBot": 15,
                "maxDistanceFromBot": 1000,
                "steps": [
                    {
                        "position" : {
                            "x": 434.83313,
                            "y": -54.32498,
                            "z": 79.3908539
                        }
                    }
                ]
            },
            {
                "repeatable": false,
                "maxBots": 2,
                "minDistanceFromBot": 15,
                "maxDistanceFromBot": 1000,
                "steps": [
                    {
                        "position" : {
                            "x": 407.2381,
                            "y": -54.22823,
                            "z": 99.14002
                        }
                    }
                ]
            },
            {
                "repeatable": false,
                "maxBots": 2,
                "minDistanceFromBot": 15,
                "maxDistanceFromBot": 1000,
                "steps": [
                    {
                        "position" : {
                            "x": 414.049072,
                            "y": -54.08855,
                            "z": 159.745621
                        }
                    }
                ]
            },
            {
                "repeatable": false,
                "maxBots": 2,
                "minDistanceFromBot": 15,
                "maxDistanceFromBot": 1000,
                "steps": [
                    {
                        "position" : {
                            "x": 448.233459,
                            "y": -54.0749321,
                            "z": 149.869919
                        }
                    }
                ]
            },
            {
                "repeatable": false,
                "maxBots": 2,
                "minDistanceFromBot": 15,
                "maxDistanceFromBot": 1000,
                "steps": [
                    {
                        "position" : {
                            "x": 451.729645,
                            "y": -54.55198,
                            "z": 178.35672
                        }
                    }
                ]
            }
        ]
    },
    {
        "repeatable": false,
        "minLevel": 0,
        "maxLevel": 99,
        "chanceForSelecting": 25,
        "priority": 20,
        "name": "Cabins",
        "objectives" : [
            {
                "repeatable": false,
                "maxBots": 2,
                "minDistanceFromBot": 15,
                "maxDistanceFromBot": 1000,
                "steps": [
                    {
                        "position" : {
                            "x": 348.863434,
                            "y": -56.3429375,
                            "z": 152.200516
                        }
                    }
                ]
            },
            {
                "repeatable": false,
                "maxBots": 2,
                "minDistanceFromBot": 15,
                "maxDistanceFromBot": 1000,
                "steps": [
                    {
                        "position" : {
                            "x": 305.0224,
                            "y": -56.3934555,
                            "z": 128.111481
                        }
                    }
                ]
            },
            {
                "repeatable": false,
                "maxBots": 2,
                "minDistanceFromBot": 15,
                "maxDistanceFromBot": 1000,
                "steps": [
                    {
                        "position" : {
                            "x": 312.9704,
                            "y": -56.09436,
                            "z": 156.510147
                        }
                    }
                ]
            },
            {
                "repeatable": false,
                "maxBots": 2,
                "minDistanceFromBot": 15,
                "maxDistanceFromBot": 1000,
                "steps": [
                    {
                        "position" : {
                            "x": 266.100342,
                            "y": -56.2385445,
                            "z": 181.419678
                        }
                    }
                ]
            }
        ]
    },
    {
        "repeatable": false,
        "minLevel": 0,
        "maxLevel": 99,
        "chanceForSelecting": 30,
        "priority": 20,
        "canRunBetweenObjectives": false,
        "name": "West Cottage",
        "objectives" : [
            {
                "repeatable": false,
                "maxBots": 2,
                "minDistanceFromBot": 30,
                "maxDistanceFromBot": 1000,
                "steps": [
                    {
                        "position" : {
                            "x": 134.733017,
                            "y": -45.4795456,
                            "z": 122.745193
                        }
                    },
                    {
                        "position" : {
                            "x": 135.108,
                            "y": -45.4795532,
                            "z": 129.360336
                        }
                    }
                ]
            }
        ]
    },
    {
        "repeatable": true,
        "minLevel": 0,
        "maxLevel": 99,
        "chanceForSelecting": 30,
        "priority": 20,
        "name": "Cottage Garage",
        "objectives" : [
            {
                "repeatable": true,
                "maxBots": 3,
                "minDistanceFromBot": 10,
                "maxDistanceFromBot": 750,
                "steps": [
                    {
                        "position" : {
                            "x": 124.033058,
                            "y": -48.4883041,
                            "z": 130.663208
                        }
                    }
                ]
            }
        ]
    },
    {
        "repeatable": false,
        "minLevel": 15,
        "maxLevel": 99,
        "chanceForSelecting": 25,
        "priority": 20,
        "canRunBetweenObjectives": false,
        "name": "Sanitar's House",
        "objectives" : [
            {
                "repeatable": false,
                "maxBots": 2,
                "minDistanceFromBot": 30,
                "maxDistanceFromBot": 9999,
                "steps": [
                    {
                        "position" : {
                            "x": 94.232605,
                            "y": -45.4795532,
                            "z": 105.612335
                        }
                    },
                    {
                        "position" : {
                            "x": 92.02867,
                            "y": -45.479557,
                            "z": 112.136543
                        }
                    }
                ]
            }
        ]
    },
    {
        "repeatable": true,
        "minLevel": 0,
        "maxLevel": 99,
        "chanceForSelecting": 25,
        "priority": 20,
        "name": "Scav Island Sniping",
        "objectives" : [
            {
                "repeatable": true,
                "maxBots": 3,
                "minDistanceFromBot": 10,
                "maxDistanceFromBot": 9999,
                "steps": [
                    {
                        "position" : {
                            "x": 232.474319,
                            "y": -54.80419,
                            "z": 280.612671
                        }
                    }
                ]
            },
            {
                "repeatable": true,
                "maxBots": 3,
                "minDistanceFromBot": 10,
                "maxDistanceFromBot": 9999,
                "steps": [
                    {
                        "position" : {
                            "x": 189.156387,
                            "y": -55.7266426,
                            "z": 289.8128
                        }
                    }
                ]
            },
            {
                "repeatable": true,
                "maxBots": 3,
                "minDistanceFromBot": 10,
                "maxDistanceFromBot": 9999,
                "steps": [
                    {
                        "position" : {
                            "x": 140.066879,
                            "y": -51.9296875,
                            "z": 289.380859
                        }
                    }
                ]
            }
        ]
    },
    {
        "repeatable": true,
        "minLevel": 0,
        "maxLevel": 99,
        "chanceForSelecting": 30,
        "priority": 19,
        "name": "Gas Station Sniping",
        "objectives" : [
            {
                "repeatable": true,
                "maxBots": 3,
                "minDistanceFromBot": 10,
                "maxDistanceFromBot": 9999,
                "steps": [
                    {
                        "position" : {
                            "x": -108.158958,
                            "y": -45.18403,
                            "z": 367.4706
                        }
                    }
                ]
            },
            {
                "repeatable": true,
                "maxBots": 3,
                "minDistanceFromBot": 10,
                "maxDistanceFromBot": 9999,
                "steps": [
                    {
                        "position" : {
                            "x": -122.217194,
                            "y": -44.9731522,
                            "z": 354.197449
                        }
                    }
                ]
            },
            {
                "repeatable": true,
                "maxBots": 3,
                "minDistanceFromBot": 10,
                "maxDistanceFromBot": 9999,
                "steps": [
                    {
                        "position" : {
                            "x": -138.0275,
                            "y": -44.83409,
                            "z": 335.023376
                        }
                    }
                ]
            }
        ]
    },
    {
        "repeatable": true,
        "minLevel": 0,
        "maxLevel": 99,
        "chanceForSelecting": 30,
        "priority": 20,
        "name": "Sniper Rock Sniping",
        "objectives" : [
            {
                "repeatable": true,
                "maxBots": 3,
                "minDistanceFromBot": 10,
                "maxDistanceFromBot": 9999,
                "steps": [
                    {
                        "position" : {
                            "x": -255.989929,
                            "y": -1.700679,
                            "z": -289.6939
                        }
                    }
                ]
            },
            {
                "repeatable": true,
                "maxBots": 3,
                "minDistanceFromBot": 10,
                "maxDistanceFromBot": 9999,
                "steps": [
                    {
                        "position" : {
                            "x": -251.416321,
                            "y": -0.9925275,
                            "z": -274.257324
                        }
                    }
                ]
            }
        ]
    },
    {
        "repeatable": false,
        "minLevel": 0,
        "maxLevel": 99,
        "chanceForSelecting": 30,
        "priority": 20,
        "name": "House on the Hill",
        "objectives" : [
            {
                "repeatable": false,
                "maxBots": 3,
                "minDistanceFromBot": 10,
                "maxDistanceFromBot": 750,
                "steps": [
                    {
                        "position" : {
                            "x": -490.8275,
                            "y": -14.5118237,
                            "z": -183.727844
                        }
                    }
                ]
            }
        ]
    },
    {
        "repeatable": false,
        "minLevel": 0,
        "maxLevel": 99,
        "chanceForSelecting": 30,
        "priority": 20,
        "name": "Radio Tower",
        "objectives" : [
            {
                "repeatable": false,
                "maxBots": 3,
                "minDistanceFromBot": 10,
                "maxDistanceFromBot": 750,
                "steps": [
                    {
                        "position" : {
                            "x": -704.9786,
                            "y": -29.4206238,
                            "z": 106.98719
                        }
                    }
                ]
            }
        ]
    },
    {
        "repeatable": true,
        "minLevel": 0,
        "maxLevel": 99,
        "chanceForSelecting": 30,
        "priority": 19,
        "canRunBetweenObjectives": false,
        "name": "Weather Station",
        "objectives" : [
            {
                "repeatable": true,
                "maxBots": 3,
                "minDistanceFromBot": 10,
                "maxDistanceFromBot": 9999,
                "steps": [
                    {
                        "position" : {
                            "x": -515.1601,
                            "y": -25.5797958,
                            "z": 238.421341
                        }
                    }
                ]
            },
            {
                "repeatable": false,
                "maxBots": 3,
                "minDistanceFromBot": 10,
                "maxDistanceFromBot": 9999,
                "steps": [
                    {
                        "position" : {
                            "x": -514.572632,
                            "y": -22.2631149,
                            "z": 237.802109
                        }
                    }
                ]
            }
        ]
    },
    {
        "repeatable": true,
        "minLevel": 0,
        "maxLevel": 99,
        "chanceForSelecting": 10,
        "priority": 20,
        "name": "Weather Station Sniping",
        "objectives" : [
            {
                "repeatable": true,
                "maxBots": 2,
                "minDistanceFromBot": 10,
                "maxDistanceFromBot": 1000,
                "steps": [
                    {
                        "position" : {
                            "x": -507.4703,
                            "y": -18.4114933,
                            "z": 233.91188
                        }
                    },
                    {
                        "position" : {
                            "x": -515.091248,
                            "y": -18.4114933,
                            "z": 233.5884
                        }
                    },
                    {
                        "position" : {
                            "x": -515.7,
                            "y": -18.4114933,
                            "z": 240.200317
                        }
                    },
                    {
                        "position" : {
                            "x": -507.334229,
                            "y": -18.4114933,
                            "z": 240.7184
                        }
                    }
                ]
            }
        ]
    },
    {
        "repeatable": true,
        "minLevel": 0,
        "maxLevel": 99,
        "chanceForSelecting": 10,
        "priority": 20,
        "name": "Weather Station Tower Sniping",
        "objectives" : [
            {
                "repeatable": true,
                "maxBots": 2,
                "minDistanceFromBot": 10,
                "maxDistanceFromBot": 1000,
                "steps": [
                    {
                        "position" : {
                            "x": -506.6017,
                            "y": -9.915512,
                            "z": 258.602417
                        }
                    },
                    {
                        "position" : {
                            "x": -516.2614,
                            "y": -9.91551,
                            "z": 258.125366
                        }
                    },
                    {
                        "position" : {
                            "x": -506.998352,
                            "y": -9.915513,
                            "z": 267.924469
                        }
                    },
                    {
                        "position" : {
                            "x": -516.012939,
                            "y": -9.915513,
                            "z": 267.982117
                        }
                    }
                ]
            }
        ]
    },
    {
        "repeatable": false,
        "minLevel": 0,
        "maxLevel": 99,
        "chanceForSelecting": 30,
        "priority": 20,
        "name": "Sunken House",
        "objectives" : [
            {
                "repeatable": false,
                "maxBots": 3,
                "minDistanceFromBot": 10,
                "maxDistanceFromBot": 750,
                "steps": [
                    {
                        "position" : {
                            "x": -726.10144,
                            "y": -45.95984,
                            "z": 257.5394
                        }
                    }
                ]
            }
        ]
    },
    {
        "repeatable": true,
        "minLevel": 0,
        "maxLevel": 99,
        "chanceForSelecting": 30,
        "priority": 20,
        "name": "Crane Sniping",
        "objectives" : [
            {
                "repeatable": true,
                "maxBots": 3,
                "minDistanceFromBot": 10,
                "maxDistanceFromBot": 1000,
                "steps": [
                    {
                        "position" : {
                            "x": -720.9366,
                            "y": -49.0736122,
                            "z": 427.01413
                        }
                    }
                ]
            },
            {
                "repeatable": true,
                "maxBots": 3,
                "minDistanceFromBot": 10,
                "maxDistanceFromBot": 1000,
                "steps": [
                    {
                        "position" : {
                            "x": -678.0051,
                            "y": -53.016346,
                            "z": 428.203156
                        }
                    }
                ]
            },
            {
                "repeatable": true,
                "maxBots": 3,
                "minDistanceFromBot": 10,
                "maxDistanceFromBot": 1000,
                "steps": [
                    {
                        "position" : {
                            "x": -558.468567,
                            "y": -50.79991,
                            "z": 393.089081
                        }
                    }
                ]
            },
            {
                "repeatable": true,
                "maxBots": 3,
                "minDistanceFromBot": 10,
                "maxDistanceFromBot": 1000,
                "steps": [
                    {
                        "position" : {
                            "x": -468.5424,
                            "y": -54.0254745,
                            "z": 432.375671
                        }
                    }
                ]
            }
        ]
    },
    {
        "repeatable": true,
        "minLevel": 0,
        "maxLevel": 99,
        "chanceForSelecting": 30,
        "priority": 20,
        "name": "Crane",
        "objectives" : [
            {
                "repeatable": false,
                "maxBots": 3,
                "minDistanceFromBot": 10,
                "maxDistanceFromBot": 1000,
                "steps": [
                    {
                        "position" : {
                            "x": -641.066,
                            "y": -59.64817,
                            "z": 471.82132
                        }
                    }
                ]
            },
            {
                "repeatable": true,
                "maxBots": 3,
                "minDistanceFromBot": 10,
                "maxDistanceFromBot": 1000,
                "steps": [
                    {
                        "position" : {
                            "x": -576.9817,
                            "y": -59.67396,
                            "z": 468.985138
                        }
                    }
                ]
            }
        ]
    },
    {
        "repeatable": true,
        "minLevel": 0,
        "maxLevel": 99,
        "chanceForSelecting": 30,
        "priority": 19,
        "name": "Pier Sniping",
        "objectives" : [
            {
                "repeatable": true,
                "maxBots": 3,
                "minDistanceFromBot": 10,
                "maxDistanceFromBot": 1000,
                "steps": [
                    {
                        "position" : {
                            "x": -353.026,
                            "y": -54.2789955,
                            "z": 428.263672
                        }
                    }
                ]
            },
            {
                "repeatable": true,
                "maxBots": 3,
                "minDistanceFromBot": 10,
                "maxDistanceFromBot": 1000,
                "steps": [
                    {
                        "position" : {
                            "x": -310.985535,
                            "y": -52.587326,
                            "z": 416.573578
                        }
                    }
                ]
            }
        ]
    },
    {
        "repeatable": true,
        "minLevel": 0,
        "maxLevel": 99,
        "chanceForSelecting": 30,
        "priority": 19,
        "canRunBetweenObjectives": false,
        "name": "Pier",
        "objectives" : [
            {
                "repeatable": true,
                "maxBots": 3,
                "minDistanceFromBot": 10,
                "maxDistanceFromBot": 1000,
                "steps": [
                    {
                        "position" : {
                            "x": -313.453156,
                            "y": -61.63989,
                            "z": 486.136749
                        }
                    }
                ]
            },
            {
                "repeatable": false,
                "maxBots": 3,
                "minDistanceFromBot": 10,
                "maxDistanceFromBot": 1000,
                "steps": [
                    {
                        "position" : {
                            "x": -312.860748,
                            "y": -57.6273155,
                            "z": 479.396729
                        }
                    }
                ]
            },
            {
                "repeatable": false,
                "maxBots": 3,
                "minDistanceFromBot": 10,
                "maxDistanceFromBot": 1000,
                "steps": [
                    {
                        "position" : {
                            "x": -324.293,
                            "y": -57.62731,
                            "z": 487.936432
                        }
                    }
                ]
            }
        ]
    },
    {
        "repeatable": true,
        "minLevel": 0,
        "maxLevel": 99,
        "chanceForSelecting": 30,
        "priority": 19,
        "name": "Gas Station Sniping 2",
        "objectives" : [
            {
                "repeatable": true,
                "maxBots": 3,
                "minDistanceFromBot": 10,
                "maxDistanceFromBot": 1000,
                "steps": [
                    {
                        "position" : {
                            "x": -285.980225,
                            "y": -50.28832,
                            "z": 361.8584
                        }
                    }
                ]
            },
            {
                "repeatable": true,
                "maxBots": 3,
                "minDistanceFromBot": 10,
                "maxDistanceFromBot": 1000,
                "steps": [
                    {
                        "position" : {
                            "x": -266.174225,
                            "y": -51.08751,
                            "z": 343.401855
                        }
                    }
                ]
            }
        ]
    },
    {
        "repeatable": true,
        "minLevel": 0,
        "maxLevel": 99,
        "chanceForSelecting": 30,
        "priority": 20,
        "name": "Tank on Bridge",
        "objectives" : [
            {
                "repeatable": true,
                "maxBots": 3,
                "minDistanceFromBot": 10,
                "maxDistanceFromBot": 750,
                "steps": [
                    {
                        "position" : {
                            "x": -353.6474,
                            "y": -43.5160942,
                            "z": 188.237335
                        }
                    }
                ]
            }
        ]
    },
    {
        "repeatable": true,
        "minLevel": 0,
        "maxLevel": 99,
        "chanceForSelecting": 30,
        "priority": 19,
        "name": "Power Station Sniping",
        "objectives" : [
            {
                "repeatable": true,
                "maxBots": 3,
                "minDistanceFromBot": 10,
                "maxDistanceFromBot": 1000,
                "steps": [
                    {
                        "position" : {
                            "x": -278.6216,
                            "y": -34.48316,
                            "z": 160.923218
                        }
                    }
                ]
            },
            {
                "repeatable": true,
                "maxBots": 3,
                "minDistanceFromBot": 10,
                "maxDistanceFromBot": 1000,
                "steps": [
                    {
                        "position" : {
                            "x": -278.098572,
                            "y": -34.499382,
                            "z": 177.5227
                        }
                    }
                ]
            },
            {
                "repeatable": true,
                "maxBots": 3,
                "minDistanceFromBot": 10,
                "maxDistanceFromBot": 1000,
                "steps": [
                    {
                        "position" : {
                            "x": -280.382629,
                            "y": -33.8410568,
                            "z": 200.533417
                        }
                    }
                ]
            }
        ]
    },
    {
        "repeatable": true,
        "minLevel": 0,
        "maxLevel": 99,
        "chanceForSelecting": 25,
        "priority": 20,
        "name": "Lighthouse Extract Sniper Area",
        "objectives" : [
            {
                "repeatable": true,
                "maxBots": 3,
                "minDistanceFromBot": 10,
                "maxDistanceFromBot": 750,
                "steps": [
                    {
                        "position" : {
                            "x": 191.999329,
                            "y": -38.8647423,
                            "z": -270.114868
                        }
                    }
                ]
            }
        ]
    },
    {
        "repeatable": true,
        "minLevel": 0,
        "maxLevel": 99,
        "chanceForSelecting": 25,
        "priority": 20,
        "name": "Lighthouse Extract Sniping",
        "objectives" : [
            {
                "repeatable": true,
                "maxBots": 3,
                "minDistanceFromBot": 10,
                "maxDistanceFromBot": 750,
                "steps": [
                    {
                        "position" : {
                            "x": 95.1654053,
                            "y": -30.4438629,
                            "z": -236.914566
                        }
                    }
                ]
            },
            {
                "repeatable": true,
                "maxBots": 3,
                "minDistanceFromBot": 10,
                "maxDistanceFromBot": 750,
                "steps": [
                    {
                        "position" : {
                            "x": 113.985947,
                            "y": -32.2889481,
                            "z": -267.101257
                        }
                    }
                ]
            }
        ]
    },
    {
        "repeatable": true,
        "minLevel": 0,
        "maxLevel": 99,
        "chanceForSelecting": 30,
        "priority": 19,
        "canRunBetweenObjectives": false,
        "name": "Bus Terminal",
        "objectives" : [
            {
                "repeatable": true,
                "maxBots": 3,
                "minDistanceFromBot": 10,
                "maxDistanceFromBot": 9999,
                "steps": [
                    {
                        "position" : {
                            "x": -144.191727,
                            "y": -21.8832932,
                            "z": 10.2276621
                        }
                    }
                ]
            },
            {
                "repeatable": false,
                "maxBots": 3,
                "minDistanceFromBot": 10,
                "maxDistanceFromBot": 9999,
                "steps": [
                    {
                        "position" : {
                            "x": -124.453461,
                            "y": -21.66043,
                            "z": -20.2967682
                        }
                    }
                ]
            }
        ]
    },
    {
        "repeatable": true,
        "minLevel": 0,
        "maxLevel": 99,
        "chanceForSelecting": 30,
        "priority": 20,
        "name": "Power Station Sniping 2",
        "objectives" : [
            {
                "repeatable": true,
                "maxBots": 3,
                "minDistanceFromBot": 10,
                "maxDistanceFromBot": 1000,
                "steps": [
                    {
                        "position" : {
                            "x": -161.714417,
                            "y": -33.0074844,
                            "z": 113.193726
                        }
                    }
                ]
            }
        ]
    },
    {
        "repeatable": true,
        "minLevel": 0,
        "maxLevel": 99,
        "chanceForSelecting": 20,
        "priority": 20,
        "name": "Resort Sniping",
        "objectives" : [
            {
                "repeatable": true,
                "maxBots": 3,
                "minDistanceFromBot": 10,
                "maxDistanceFromBot": 1000,
                "steps": [
                    {
                        "position" : {
                            "x": -197.137527,
                            "y": -17.7130928,
                            "z": 21.7219524
                        }
                    },
                    {
                        "position" : {
                            "x": -210.511063,
                            "y": -17.7130928,
                            "z": 22.3149776
                        }
                    }
                ]
            }
        ]
    },
    {
        "repeatable": false,
        "minLevel": 0,
        "maxLevel": 99,
        "chanceForSelecting": 25,
        "priority": 19,
        "canRunBetweenObjectives": false,
        "name": "Power Station",
        "objectives" : [
            {
                "repeatable": false,
                "maxBots": 3,
                "minDistanceFromBot": 10,
                "maxDistanceFromBot": 1000,
                "steps": [
                    {
                        "position" : {
                            "x": -221.07724,
                            "y": -34.724556,
                            "z": 188.985474
                        }
                    }
                ]
            },
            {
                "repeatable": false,
                "maxBots": 3,
                "minDistanceFromBot": 10,
                "maxDistanceFromBot": 1000,
                "steps": [
                    {
                        "position" : {
                            "x": -239.604614,
                            "y": -40.6636543,
                            "z": 188.632187
                        }
                    }
                ]
            },
            {
                "repeatable": false,
                "maxBots": 3,
                "minDistanceFromBot": 10,
                "maxDistanceFromBot": 1000,
                "steps": [
                    {
                        "position" : {
                            "x": -240.899338,
                            "y": -40.66365,
                            "z": 201.600082
                        }
                    }
                ]
            }
        ]
    },
    {
        "repeatable": true,
        "minLevel": 0,
        "maxLevel": 99,
        "chanceForSelecting": 15,
        "priority": 20,
        "name": "Helicoperter Shack",
        "objectives" : [
            {
                "repeatable": true,
                "maxBots": 3,
                "minDistanceFromBot": 10,
                "maxDistanceFromBot": 9999,
                "steps": [
                    {
                        "position" : {
                            "x": -263.306519,
                            "y": -5.01065063,
                            "z": -33.41149
                        }
                    }
                ]
            }
        ]
    },
    {
        "repeatable": true,
        "minLevel": 0,
        "maxLevel": 99,
        "chanceForSelecting": 30,
        "priority": 19,
        "name": "Resort West Wing Basement",
        "objectives" : [
            {
                "repeatable": true,
                "maxBots": 3,
                "minDistanceFromBot": 5,
                "maxDistanceFromBot": 9999,
                "steps": [
                    {
                        "position" : {
                            "x": -232.405167,
                            "y": -6.99130058,
                            "z": -91.79933
                        }
                    }
                ]
            }
        ]
    },
    {
        "repeatable": false,
        "minLevel": 0,
        "maxLevel": 99,
        "chanceForSelecting": 30,
        "priority": 19,
        "canRunBetweenObjectives": false,
        "name": "Resort West Wing 1st Floor",
        "objectives" : [
            {
                "repeatable": false,
                "maxBots": 3,
                "minDistanceFromBot": 5,
                "maxDistanceFromBot": 9999,
                "steps": [
                    {
                        "position" : {
                            "x": -187.5594,
                            "y": -3.74104571,
                            "z": -88.01558
                        }
                    }
                ]
            },
            {
                "repeatable": false,
                "maxBots": 3,
                "minDistanceFromBot": 5,
                "maxDistanceFromBot": 9999,
                "steps": [
                    {
                        "position" : {
                            "x": -181.299,
                            "y": -3.74103856,
                            "z": -76.69545
                        }
                    }
                ]
            },
            {
                "repeatable": false,
                "maxBots": 3,
                "minDistanceFromBot": 5,
                "maxDistanceFromBot": 9999,
                "steps": [
                    {
                        "position" : {
                            "x": -157.6492,
                            "y": -3.741041,
                            "z": -89.08221
                        }
                    }
                ]
            },
            {
                "repeatable": false,
                "maxBots": 3,
                "minDistanceFromBot": 5,
                "maxDistanceFromBot": 9999,
                "steps": [
                    {
                        "position" : {
                            "x": -143.52034,
                            "y": -3.74103165,
                            "z": -75.10444
                        }
                    }
                ]
            }
        ]
    },
    {
        "repeatable": false,
        "minLevel": 0,
        "maxLevel": 99,
        "chanceForSelecting": 30,
        "priority": 19,
        "canRunBetweenObjectives": false,
        "name": "Resort West Wing 2nd Floor",
        "objectives" : [
            {
                "repeatable": false,
                "maxBots": 3,
                "minDistanceFromBot": 5,
                "maxDistanceFromBot": 9999,
                "steps": [
                    {
                        "position" : {
                            "x": -166.063889,
                            "y": -0.841046,
                            "z": -77.14525
                        }
                    }
                ]
            },
            {
                "repeatable": false,
                "maxBots": 3,
                "minDistanceFromBot": 5,
                "maxDistanceFromBot": 9999,
                "steps": [
                    {
                        "position" : {
                            "x": -172.8375,
                            "y": -0.8410468,
                            "z": -76.36226
                        }
                    }
                ]
            },
            {
                "repeatable": false,
                "maxBots": 3,
                "minDistanceFromBot": 5,
                "maxDistanceFromBot": 9999,
                "steps": [
                    {
                        "position" : {
                            "x": -179.807083,
                            "y": -0.8410479,
                            "z": -76.19767
                        }
                    }
                ]
            },
            {
                "repeatable": false,
                "maxBots": 3,
                "minDistanceFromBot": 5,
                "maxDistanceFromBot": 9999,
                "steps": [
                    {
                        "position" : {
                            "x": -170.999146,
                            "y": -0.8410535,
                            "z": -89.5319443
                        }
                    }
                ]
            },
            {
                "repeatable": false,
                "maxBots": 3,
                "minDistanceFromBot": 5,
                "maxDistanceFromBot": 9999,
                "steps": [
                    {
                        "position" : {
                            "x": -165.143127,
                            "y": -0.8410522,
                            "z": -88.87021
                        }
                    }
                ]
            },
            {
                "repeatable": false,
                "maxBots": 3,
                "minDistanceFromBot": 5,
                "maxDistanceFromBot": 9999,
                "steps": [
                    {
                        "position" : {
                            "x": -229.643677,
                            "y": -0.8410611,
                            "z": -88.45231
                        }
                    }
                ]
            },
            {
                "repeatable": false,
                "maxBots": 3,
                "minDistanceFromBot": 5,
                "maxDistanceFromBot": 9999,
                "steps": [
                    {
                        "position" : {
                            "x": -221.910614,
                            "y": -0.841059744,
                            "z": -88.35719
                        }
                    }
                ]
            }
        ]
    },
    {
        "repeatable": false,
        "minLevel": 0,
        "maxLevel": 99,
        "chanceForSelecting": 30,
        "priority": 19,
        "canRunBetweenObjectives": false,
        "name": "Resort West Wing 3rd Floor",
        "objectives" : [
            {
                "repeatable": false,
                "maxBots": 3,
                "minDistanceFromBot": 5,
                "maxDistanceFromBot": 9999,
                "steps": [
                    {
                        "position" : {
                            "x": -159.285065,
                            "y": 2.052008,
                            "z": -77.45637
                        }
                    }
                ]
            },
            {
                "repeatable": false,
                "maxBots": 3,
                "minDistanceFromBot": 5,
                "maxDistanceFromBot": 9999,
                "steps": [
                    {
                        "position" : {
                            "x": -165.337646,
                            "y": 2.05200028,
                            "z": -87.7499161
                        }
                    }
                ]
            },
            {
                "repeatable": false,
                "maxBots": 3,
                "minDistanceFromBot": 5,
                "maxDistanceFromBot": 9999,
                "steps": [
                    {
                        "position" : {
                            "x": -196.02124,
                            "y": 2.05200267,
                            "z": -76.03062
                        }
                    }
                ]
            },
            {
                "repeatable": false,
                "maxBots": 3,
                "minDistanceFromBot": 5,
                "maxDistanceFromBot": 9999,
                "steps": [
                    {
                        "position" : {
                            "x": -216.621948,
                            "y": 2.05199385,
                            "z": -88.08289
                        }
                    }
                ]
            },
            {
                "repeatable": false,
                "maxBots": 3,
                "minDistanceFromBot": 5,
                "maxDistanceFromBot": 9999,
                "steps": [
                    {
                        "position" : {
                            "x": -223.300217,
                            "y": 2.05198288,
                            "z": -101.613777
                        }
                    }
                ]
            },
            {
                "repeatable": false,
                "maxBots": 3,
                "minDistanceFromBot": 5,
                "maxDistanceFromBot": 9999,
                "steps": [
                    {
                        "position" : {
                            "x": -227.420212,
                            "y": 2.051982,
                            "z": -102.09433
                        }
                    }
                ]
            }
        ]
    },
    {
        "repeatable": false,
        "minLevel": 0,
        "maxLevel": 99,
        "chanceForSelecting": 30,
        "priority": 19,
        "name": "Resort Main Basement",
        "objectives" : [
            {
                "repeatable": false,
                "maxBots": 3,
                "minDistanceFromBot": 5,
                "maxDistanceFromBot": 9999,
                "steps": [
                    {
                        "position" : {
                            "x": -254.959808,
                            "y": -7.0962925,
                            "z": -144.880447
                        }
                    }
                ]
            }
        ]
    },
    {
        "repeatable": false,
        "minLevel": 0,
        "maxLevel": 99,
        "chanceForSelecting": 30,
        "priority": 19,
        "name": "Resort Main 1st Floor",
        "objectives" : [
            {
                "repeatable": false,
                "maxBots": 3,
                "minDistanceFromBot": 5,
                "maxDistanceFromBot": 9999,
                "steps": [
                    {
                        "position" : {
                            "x": -252.661209,
                            "y": -0.886289954,
                            "z": -147.8447
                        }
                    }
                ]
            }
        ]
    },
    {
        "repeatable": false,
        "minLevel": 0,
        "maxLevel": 99,
        "chanceForSelecting": 30,
        "priority": 19,
        "canRunBetweenObjectives": false,
        "name": "Resort Main 2nd Floor",
        "objectives" : [
            {
                "repeatable": false,
                "maxBots": 3,
                "minDistanceFromBot": 5,
                "maxDistanceFromBot": 9999,
                "steps": [
                    {
                        "position" : {
                            "x": -267.643127,
                            "y": -0.7862999,
                            "z": -147.012009
                        }
                    }
                ]
            },
            {
                "repeatable": false,
                "maxBots": 3,
                "minDistanceFromBot": 5,
                "maxDistanceFromBot": 9999,
                "steps": [
                    {
                        "position" : {
                            "x": -263.906769,
                            "y": -0.7862993,
                            "z": -149.974808
                        }
                    }
                ]
            },
            {
                "repeatable": false,
                "maxBots": 3,
                "minDistanceFromBot": 5,
                "maxDistanceFromBot": 9999,
                "steps": [
                    {
                        "position" : {
                            "x": -272.713531,
                            "y": -0.7862992,
                            "z": -132.260712
                        }
                    }
                ]
            },
            {
                "repeatable": false,
                "maxBots": 3,
                "minDistanceFromBot": 5,
                "maxDistanceFromBot": 9999,
                "steps": [
                    {
                        "position" : {
                            "x": -249.263168,
                            "y": -0.786291957,
                            "z": -128.359177
                        }
                    }
                ]
            },
            {
                "repeatable": false,
                "maxBots": 3,
                "minDistanceFromBot": 5,
                "maxDistanceFromBot": 9999,
                "steps": [
                    {
                        "position" : {
                            "x": -242.1363,
                            "y": -0.786298633,
                            "z": -152.1225
                        }
                    }
                ]
            },
            {
                "repeatable": false,
                "maxBots": 3,
                "minDistanceFromBot": 5,
                "maxDistanceFromBot": 9999,
                "steps": [
                    {
                        "position" : {
                            "x": -237.880157,
                            "y": -0.7862951,
                            "z": -134.623383
                        }
                    }
                ]
            }
        ]
    },
    {
        "repeatable": false,
        "minLevel": 0,
        "maxLevel": 99,
        "chanceForSelecting": 30,
        "priority": 19,
        "canRunBetweenObjectives": false,
        "name": "Resort East Wing 1st Floor",
        "objectives" : [
            {
                "repeatable": false,
                "maxBots": 3,
                "minDistanceFromBot": 5,
                "maxDistanceFromBot": 9999,
                "steps": [
                    {
                        "position" : {
                            "x": -323.113922,
                            "y": -3.74104452,
                            "z": -76.694664
                        }
                    }
                ]
            },
            {
                "repeatable": false,
                "maxBots": 3,
                "minDistanceFromBot": 5,
                "maxDistanceFromBot": 9999,
                "steps": [
                    {
                        "position" : {
                            "x": -326.908234,
                            "y": -3.74104452,
                            "z": -78.0097
                        }
                    }
                ]
            }
        ]
    },
    {
        "repeatable": false,
        "minLevel": 0,
        "maxLevel": 99,
        "chanceForSelecting": 30,
        "priority": 19,
        "canRunBetweenObjectives": false,
        "name": "Resort East Wing 2nd Floor",
        "objectives" : [
            {
                "repeatable": false,
                "maxBots": 3,
                "minDistanceFromBot": 5,
                "maxDistanceFromBot": 9999,
                "steps": [
                    {
                        "position" : {
                            "x": -286.572662,
                            "y": -0.841054738,
                            "z": -88.4471
                        }
                    }
                ]
            },
            {
                "repeatable": false,
                "maxBots": 3,
                "minDistanceFromBot": 5,
                "maxDistanceFromBot": 9999,
                "steps": [
                    {
                        "position" : {
                            "x": -295.8464,
                            "y": -0.8410539,
                            "z": -96.818985
                        }
                    }
                ]
            },
            {
                "repeatable": false,
                "maxBots": 3,
                "minDistanceFromBot": 5,
                "maxDistanceFromBot": 9999,
                "steps": [
                    {
                        "position" : {
                            "x": -307.0522,
                            "y": -0.84105283,
                            "z": -89.01459
                        }
                    }
                ]
            },
            {
                "repeatable": false,
                "maxBots": 3,
                "minDistanceFromBot": 5,
                "maxDistanceFromBot": 9999,
                "steps": [
                    {
                        "position" : {
                            "x": -313.07016,
                            "y": -0.8410529,
                            "z": -88.49994
                        }
                    }
                ]
            },
            {
                "repeatable": false,
                "maxBots": 3,
                "minDistanceFromBot": 5,
                "maxDistanceFromBot": 9999,
                "steps": [
                    {
                        "position" : {
                            "x": -331.3484,
                            "y": -0.8410544,
                            "z": -76.2569
                        }
                    }
                ]
            },
            {
                "repeatable": false,
                "maxBots": 3,
                "minDistanceFromBot": 5,
                "maxDistanceFromBot": 9999,
                "steps": [
                    {
                        "position" : {
                            "x": -342.813843,
                            "y": -0.841052949,
                            "z": -88.14022
                        }
                    }
                ]
            },
            {
                "repeatable": false,
                "maxBots": 3,
                "minDistanceFromBot": 5,
                "maxDistanceFromBot": 9999,
                "steps": [
                    {
                        "position" : {
                            "x": -338.8268,
                            "y": -0.841052949,
                            "z": -88.43692
                        }
                    }
                ]
            },
            {
                "repeatable": false,
                "maxBots": 3,
                "minDistanceFromBot": 5,
                "maxDistanceFromBot": 9999,
                "steps": [
                    {
                        "position" : {
                            "x": -345.121521,
                            "y": -0.8410529,
                            "z": -89.1008453
                        }
                    }
                ]
            },
            {
                "repeatable": false,
                "maxBots": 3,
                "minDistanceFromBot": 5,
                "maxDistanceFromBot": 9999,
                "steps": [
                    {
                        "position" : {
                            "x": -351.129852,
                            "y": -0.841052949,
                            "z": -88.54201
                        }
                    }
                ]
            },
            {
                "repeatable": false,
                "maxBots": 3,
                "minDistanceFromBot": 5,
                "maxDistanceFromBot": 9999,
                "steps": [
                    {
                        "position" : {
                            "x": -355.249023,
                            "y": -0.841053,
                            "z": -88.2051
                        }
                    }
                ]
            }
        ]
    },
    {
        "repeatable": false,
        "minLevel": 0,
        "maxLevel": 99,
        "chanceForSelecting": 30,
        "priority": 19,
        "canRunBetweenObjectives": false,
        "name": "Resort East Wing 3rd Floor",
        "objectives" : [
            {
                "repeatable": false,
                "maxBots": 3,
                "minDistanceFromBot": 5,
                "maxDistanceFromBot": 9999,
                "steps": [
                    {
                        "position" : {
                            "x": -361.267181,
                            "y": 2.05199933,
                            "z": -75.44241
                        }
                    }
                ]
            },
            {
                "repeatable": false,
                "maxBots": 3,
                "minDistanceFromBot": 5,
                "maxDistanceFromBot": 9999,
                "steps": [
                    {
                        "position" : {
                            "x": -356.618439,
                            "y": 2.05199885,
                            "z": -75.58755
                        }
                    }
                ]
            },
            {
                "repeatable": false,
                "maxBots": 3,
                "minDistanceFromBot": 5,
                "maxDistanceFromBot": 9999,
                "steps": [
                    {
                        "position" : {
                            "x": -342.884033,
                            "y": 2.05200052,
                            "z": -89.71457
                        }
                    }
                ]
            },
            {
                "repeatable": false,
                "maxBots": 3,
                "minDistanceFromBot": 5,
                "maxDistanceFromBot": 9999,
                "steps": [
                    {
                        "position" : {
                            "x": -324.168579,
                            "y": 2.051999,
                            "z": -76.7090759
                        }
                    }
                ]
            },
            {
                "repeatable": false,
                "maxBots": 3,
                "minDistanceFromBot": 5,
                "maxDistanceFromBot": 9999,
                "steps": [
                    {
                        "position" : {
                            "x": -318.3821,
                            "y": 2.05200052,
                            "z": -88.6595459
                        }
                    }
                ]
            },
            {
                "repeatable": false,
                "maxBots": 3,
                "minDistanceFromBot": 5,
                "maxDistanceFromBot": 9999,
                "steps": [
                    {
                        "position" : {
                            "x": -313.00766,
                            "y": 2.05200028,
                            "z": -87.654686
                        }
                    }
                ]
            },
            {
                "repeatable": false,
                "maxBots": 3,
                "minDistanceFromBot": 5,
                "maxDistanceFromBot": 9999,
                "steps": [
                    {
                        "position" : {
                            "x": -302.5069,
                            "y": 2.05200052,
                            "z": -76.06034
                        }
                    }
                ]
            },
            {
                "repeatable": false,
                "maxBots": 3,
                "minDistanceFromBot": 5,
                "maxDistanceFromBot": 9999,
                "steps": [
                    {
                        "position" : {
                            "x": -293.941,
                            "y": 2.051996,
                            "z": -88.09664
                        }
                    }
                ]
            },
            {
                "repeatable": false,
                "maxBots": 3,
                "minDistanceFromBot": 5,
                "maxDistanceFromBot": 9999,
                "steps": [
                    {
                        "position" : {
                            "x": -286.6105,
                            "y": 2.05199623,
                            "z": -89.11945
                        }
                    }
                ]
            }
        ]
    }
]