[
    {
        "repeatable": true,
        "minLevel": 0,
        "maxLevel": 99,
        "chanceForSelecting": 30,
        "priority": 3,
        "name": "3rd Floor Office",
        "objectives" : [
            {
                "repeatable": true,
                "maxBots": 3,
                "minDistanceFromBot": 30,
                "maxDistanceFromBot": 9999,
                "steps": [
                    {
                        "position" : {
                            "x": 9.189334,
                            "y": 8.210877,
                            "z": 35.23968
                        }
                    }
                ]
            }
        ]
    }
]