[
    {
        "repeatable": false,
        "minLevel": 0,
        "maxLevel": 99,
        "chanceForSelecting": 30,
        "priority": 20,
        "name": "Southern Road",
        "objectives" : [
            {
                "repeatable": false,
                "maxBots": 3,
                "minDistanceFromBot": 10,
                "maxDistanceFromBot": 500,
                "steps": [
                    {
                        "position" : {
                            "x": -201.3366,
                            "y": 6.214179,
                            "z": 415.391754
                        }
                    },
                    {
                        "position" : {
                            "x": -211.16301,
                            "y": 6.24274731,
                            "z": 413.1711
                        }
                    }
                ]
            },
            {
                "repeatable": false,
                "maxBots": 3,
                "minDistanceFromBot": 10,
                "maxDistanceFromBot": 500,
                "steps": [
                    {
                        "position" : {
                            "x": -225.954758,
                            "y": 6.13886166,
                            "z": 422.63443
                        }
                    },
                    {
                        "position" : {
                            "x": -228.423691,
                            "y": 8.753243,
                            "z": 422.624664
                        }
                    }
                ]
            }
        ]
    },
    {
        "repeatable": true,
        "minLevel": 0,
        "maxLevel": 99,
        "chanceForSelecting": 30,
        "priority": 20,
        "name": "Bridge Entrance",
        "objectives" : [
            {
                "repeatable": true,
                "maxBots": 3,
                "minDistanceFromBot": 30,
                "maxDistanceFromBot": 1000,
                "steps": [
                    {
                        "position" : {
                            "x": 140.76651,
                            "y": 1.57187819,
                            "z": 519.283936
                        }
                    }
                ]
            }
        ]
    },
    {
        "repeatable": true,
        "minLevel": 0,
        "maxLevel": 99,
        "chanceForSelecting": 30,
        "priority": 20,
        "name": "Bridge Road Intersection",
        "objectives" : [
            {
                "repeatable": true,
                "maxBots": 3,
                "minDistanceFromBot": 30,
                "maxDistanceFromBot": 1000,
                "steps": [
                    {
                        "position" : {
                            "x": -3.14035439,
                            "y": 5.904117,
                            "z": 478.202759
                        }
                    }
                ]
            }
        ]
    },
    {
        "repeatable": false,
        "minLevel": 0,
        "maxLevel": 99,
        "chanceForSelecting": 30,
        "priority": 20,
        "name": "Fishing Huts",
        "objectives" : [
            {
                "repeatable": false,
                "maxBots": 3,
                "minDistanceFromBot": 10,
                "maxDistanceFromBot": 1000,
                "steps": [
                    {
                        "position" : {
                            "x": 56.740345,
                            "y": 0.683137834,
                            "z": 455.423126
                        }
                    }
                ]
            },
            {
                "repeatable": false,
                "maxBots": 3,
                "minDistanceFromBot": 10,
                "maxDistanceFromBot": 1000,
                "steps": [
                    {
                        "position" : {
                            "x": 87.31742,
                            "y": 1.06107676,
                            "z": 458.937775
                        }
                    }
                ]
            },
            {
                "repeatable": false,
                "maxBots": 3,
                "minDistanceFromBot": 10,
                "maxDistanceFromBot": 1000,
                "steps": [
                    {
                        "position" : {
                            "x": 84.0709839,
                            "y": 0.456891149,
                            "z": 454.645752
                        }
                    }
                ]
            }
        ]
    },
    {
        "repeatable": true,
        "minLevel": 0,
        "maxLevel": 99,
        "chanceForSelecting": 30,
        "priority": 20,
        "name": "Stage Sniping",
        "objectives" : [
            {
                "repeatable": true,
                "maxBots": 3,
                "minDistanceFromBot": 10,
                "maxDistanceFromBot": 9999,
                "steps": [
                    {
                        "position" : {
                            "x": 77.49352,
                            "y": 9.19731,
                            "z": 320.748962
                        }
                    }
                ]
            },
            {
                "repeatable": true,
                "maxBots": 3,
                "minDistanceFromBot": 10,
                "maxDistanceFromBot": 9999,
                "steps": [
                    {
                        "position" : {
                            "x": 74.70143,
                            "y": 9.73683548,
                            "z": 285.652618
                        }
                    }
                ]
            },
            {
                "repeatable": true,
                "maxBots": 3,
                "minDistanceFromBot": 10,
                "maxDistanceFromBot": 9999,
                "steps": [
                    {
                        "position" : {
                            "x": 90.9413,
                            "y": 10.0305872,
                            "z": 241.004791
                        }
                    }
                ]
            },
            {
                "repeatable": true,
                "maxBots": 3,
                "minDistanceFromBot": 10,
                "maxDistanceFromBot": 9999,
                "steps": [
                    {
                        "position" : {
                            "x": 98.80825,
                            "y": 11.2476568,
                            "z": 217.07605
                        }
                    }
                ]
            }
        ]
    },
    {
        "repeatable": false,
        "minLevel": 0,
        "maxLevel": 99,
        "chanceForSelecting": 30,
        "priority": 20,
        "name": "Stage Wagon",
        "objectives" : [
            {
                "repeatable": false,
                "maxBots": 2,
                "minDistanceFromBot": 30,
                "maxDistanceFromBot": 1000,
                "steps": [
                    {
                        "position" : {
                            "x": 122.490074,
                            "y": 6.83943748,
                            "z": 212.105057
                        }
                    }
                ]
            }
        ]
    },
    {
        "repeatable": false,
        "minLevel": 0,
        "maxLevel": 99,
        "chanceForSelecting": 30,
        "priority": 20,
        "name": "Stage Tent",
        "objectives" : [
            {
                "repeatable": false,
                "maxBots": 2,
                "minDistanceFromBot": 30,
                "maxDistanceFromBot": 1000,
                "steps": [
                    {
                        "position" : {
                            "x": 95.65076,
                            "y": 3.7506125,
                            "z": 272.9458
                        }
                    }
                ]
            }
        ]
    },
    {
        "repeatable": false,
        "minLevel": 0,
        "maxLevel": 99,
        "chanceForSelecting": 30,
        "priority": 20,
        "name": "Stage",
        "objectives" : [
            {
                "repeatable": false,
                "maxBots": 2,
                "minDistanceFromBot": 10,
                "maxDistanceFromBot": 1000,
                "steps": [
                    {
                        "position" : {
                            "x": 134.766281,
                            "y": 5.450779,
                            "z": 285.346039
                        }
                    }
                ]
            },
            {
                "repeatable": false,
                "maxBots": 2,
                "minDistanceFromBot": 10,
                "maxDistanceFromBot": 1000,
                "steps": [
                    {
                        "position" : {
                            "x": 132.6808,
                            "y": 1.30139542,
                            "z": 292.2637
                        }
                    }
                ]
            },
            {
                "repeatable": false,
                "maxBots": 2,
                "minDistanceFromBot": 10,
                "maxDistanceFromBot": 1000,
                "steps": [
                    {
                        "position" : {
                            "x": 131.207916,
                            "y": 3.46080732,
                            "z": 271.90744
                        }
                    }
                ]
            }
        ]
    },
    {
        "repeatable": true,
        "minLevel": 0,
        "maxLevel": 99,
        "chanceForSelecting": 30,
        "priority": 20,
        "name": "Long Road South Car",
        "objectives" : [
            {
                "repeatable": true,
                "maxBots": 3,
                "minDistanceFromBot": 30,
                "maxDistanceFromBot": 9999,
                "steps": [
                    {
                        "position" : {
                            "x": 0.102478325,
                            "y": 5.2791667,
                            "z": 374.0309
                        }
                    }
                ]
            }
        ]
    },
    {
        "repeatable": true,
        "minLevel": 0,
        "maxLevel": 99,
        "chanceForSelecting": 30,
        "priority": 20,
        "name": "Long Road Side Tunnel Crash",
        "objectives" : [
            {
                "repeatable": true,
                "maxBots": 3,
                "minDistanceFromBot": 30,
                "maxDistanceFromBot": 9999,
                "steps": [
                    {
                        "position" : {
                            "x": 5.60502958,
                            "y": 5.95761538,
                            "z": 278.630951
                        }
                    }
                ]
            }
        ]
    },
    {
        "repeatable": true,
        "minLevel": 0,
        "maxLevel": 99,
        "chanceForSelecting": 30,
        "priority": 20,
        "name": "Long Road Bus Crash",
        "objectives" : [
            {
                "repeatable": true,
                "maxBots": 3,
                "minDistanceFromBot": 30,
                "maxDistanceFromBot": 9999,
                "steps": [
                    {
                        "position" : {
                            "x": 10.6228895,
                            "y": 5.95758438,
                            "z": 176.047867
                        }
                    }
                ]
            }
        ]
    },
    {
        "repeatable": true,
        "minLevel": 0,
        "maxLevel": 99,
        "chanceForSelecting": 30,
        "priority": 20,
        "name": "Long Road Resort Entrance",
        "objectives" : [
            {
                "repeatable": true,
                "maxBots": 3,
                "minDistanceFromBot": 30,
                "maxDistanceFromBot": 9999,
                "steps": [
                    {
                        "position" : {
                            "x": 16.5031452,
                            "y": 5.957529,
                            "z": 3.90086317
                        }
                    }
                ]
            }
        ]
    },
    {
        "repeatable": true,
        "minLevel": 0,
        "maxLevel": 99,
        "chanceForSelecting": 30,
        "priority": 20,
        "name": "Long Road Construction",
        "objectives" : [
            {
                "repeatable": true,
                "maxBots": 3,
                "minDistanceFromBot": 10,
                "maxDistanceFromBot": 9999,
                "steps": [
                    {
                        "position" : {
                            "x": 27.87141,
                            "y": 5.97389746,
                            "z": -158.076431
                        }
                    }
                ]
            },
            {
                "repeatable": true,
                "maxBots": 3,
                "minDistanceFromBot": 10,
                "maxDistanceFromBot": 9999,
                "steps": [
                    {
                        "position" : {
                            "x": 26.6931782,
                            "y": 5.97952127,
                            "z": -185.608109
                        }
                    }
                ]
            },
            {
                "repeatable": true,
                "maxBots": 3,
                "minDistanceFromBot": 10,
                "maxDistanceFromBot": 9999,
                "steps": [
                    {
                        "position" : {
                            "x": 24.6244469,
                            "y": 8.724115,
                            "z": -242.525467
                        }
                    }
                ]
            },
            {
                "repeatable": true,
                "maxBots": 3,
                "minDistanceFromBot": 10,
                "maxDistanceFromBot": 9999,
                "steps": [
                    {
                        "position" : {
                            "x": 31.8301258,
                            "y": 4.88018,
                            "z": -239.899338
                        }
                    }
                ]
            }
        ]
    },
    {
        "repeatable": false,
        "minLevel": 0,
        "maxLevel": 99,
        "chanceForSelecting": 30,
        "priority": 20,
        "name": "Docks Camp",
        "objectives" : [
            {
                "repeatable": false,
                "maxBots": 3,
                "minDistanceFromBot": 30,
                "maxDistanceFromBot": 1000,
                "steps": [
                    {
                        "position" : {
                            "x": 96.2127151,
                            "y": 3.6501472,
                            "z": -164.320831
                        }
                    }
                ]
            }
        ]
    },
    {
        "repeatable": false,
        "minLevel": 0,
        "maxLevel": 99,
        "chanceForSelecting": 30,
        "priority": 20,
        "name": "Merin Car",
        "objectives" : [
            {
                "repeatable": false,
                "maxBots": 3,
                "minDistanceFromBot": 30,
                "maxDistanceFromBot": 1000,
                "steps": [
                    {
                        "position" : {
                            "x": 91.29322,
                            "y": 7.25859261,
                            "z": -129.229721
                        }
                    }
                ]
            }
        ]
    },
    {
        "repeatable": false,
        "minLevel": 0,
        "maxLevel": 99,
        "chanceForSelecting": 30,
        "priority": 20,
        "name": "Docks",
        "objectives" : [
            {
                "repeatable": false,
                "maxBots": 3,
                "minDistanceFromBot": 30,
                "maxDistanceFromBot": 1000,
                "steps": [
                    {
                        "position" : {
                            "x": 145.512619,
                            "y": 3.22303629,
                            "z": -133.898514
                        }
                    }
                ]
            },
            {
                "repeatable": false,
                "maxBots": 3,
                "minDistanceFromBot": 30,
                "maxDistanceFromBot": 1000,
                "steps": [
                    {
                        "position" : {
                            "x": 136.708786,
                            "y": 3.22303677,
                            "z": -193.77916
                        }
                    }
                ]
            }
        ]
    },
    {
        "repeatable": false,
        "minLevel": 0,
        "maxLevel": 99,
        "chanceForSelecting": 30,
        "priority": 20,
        "name": "Main Road Bridge Beach Container",
        "objectives" : [
            {
                "repeatable": false,
                "maxBots": 3,
                "minDistanceFromBot": 30,
                "maxDistanceFromBot": 9999,
                "steps": [
                    {
                        "position" : {
                            "x": 98.205925,
                            "y": 0.3155936,
                            "z": -303.896759
                        }
                    }
                ]
            }
        ]
    },
    {
        "repeatable": true,
        "minLevel": 0,
        "maxLevel": 99,
        "chanceForSelecting": 30,
        "priority": 20,
        "name": "Main Road Bridge Underpass",
        "objectives" : [
            {
                "repeatable": true,
                "maxBots": 3,
                "minDistanceFromBot": 30,
                "maxDistanceFromBot": 9999,
                "steps": [
                    {
                        "position" : {
                            "x": 2.21924114,
                            "y": -0.0922396,
                            "z": -343.4761
                        }
                    }
                ]
            }
        ]
    },
    {
        "repeatable": false,
        "minLevel": 0,
        "maxLevel": 99,
        "chanceForSelecting": 30,
        "priority": 20,
        "name": "Village East House Backyard",
        "objectives" : [
            {
                "repeatable": false,
                "maxBots": 3,
                "minDistanceFromBot": 30,
                "maxDistanceFromBot": 1000,
                "steps": [
                    {
                        "position" : {
                            "x": -272.513458,
                            "y": 13.7856779,
                            "z": -205.245132
                        }
                    }
                ]
            }
        ]
    },
    {
        "repeatable": false,
        "minLevel": 0,
        "maxLevel": 99,
        "chanceForSelecting": 30,
        "priority": 20,
        "name": "Village East House",
        "objectives" : [
            {
                "repeatable": false,
                "maxBots": 3,
                "minDistanceFromBot": 30,
                "maxDistanceFromBot": 1000,
                "steps": [
                    {
                        "position" : {
                            "x": -256.533966,
                            "y": 14.1611509,
                            "z": -207.748734
                        }
                    }
                ]
            },
            {
                "repeatable": false,
                "maxBots": 3,
                "minDistanceFromBot": 30,
                "maxDistanceFromBot": 1000,
                "steps": [
                    {
                        "position" : {
                            "x": -256.8208,
                            "y": 14.1611509,
                            "z": -202.867569
                        }
                    }
                ]
            }
        ]
    },
    {
        "repeatable": false,
        "minLevel": 0,
        "maxLevel": 99,
        "chanceForSelecting": 30,
        "priority": 20,
        "name": "Village Center House",
        "objectives" : [
            {
                "repeatable": false,
                "maxBots": 3,
                "minDistanceFromBot": 30,
                "maxDistanceFromBot": 1000,
                "steps": [
                    {
                        "position" : {
                            "x": -184.730179,
                            "y": 12.6902075,
                            "z": -208.184128
                        }
                    },
                    {
                        "position" : {
                            "x": -190.4018,
                            "y": 12.6902065,
                            "z": -209.937363
                        }
                    },
                    {
                        "position" : {
                            "x": -183.478409,
                            "y": 15.3454523,
                            "z": -208.973663
                        }
                    },
                    {
                        "position" : {
                            "x": -190.856766,
                            "y": 15.34545,
                            "z": -202.905045
                        }
                    }
                ]
            }
        ]
    },
    {
        "repeatable": false,
        "minLevel": 0,
        "maxLevel": 99,
        "chanceForSelecting": 30,
        "priority": 20,
        "name": "Village West House",
        "objectives" : [
            {
                "repeatable": false,
                "maxBots": 3,
                "minDistanceFromBot": 30,
                "maxDistanceFromBot": 1000,
                "steps": [
                    {
                        "position" : {
                            "x": -133.759933,
                            "y": 11.6636028,
                            "z": -213.774826
                        }
                    }
                ]
            }
        ]
    },
    {
        "repeatable": false,
        "minLevel": 15,
        "maxLevel": 99,
        "chanceForSelecting": 15,
        "priority": 20,
        "name": "Village Hillside House",
        "objectives" : [
            {
                "repeatable": false,
                "maxBots": 3,
                "minDistanceFromBot": 30,
                "maxDistanceFromBot": 1000,
                "steps": [
                    {
                        "position" : {
                            "x": -148.3957,
                            "y": 11.7017088,
                            "z": -249.07222
                        }
                    }
                ]
            }
        ]
    },
    {
        "repeatable": false,
        "minLevel": 0,
        "maxLevel": 99,
        "chanceForSelecting": 30,
        "priority": 20,
        "name": "Convenience Store House Backyard",
        "objectives" : [
            {
                "repeatable": false,
                "maxBots": 3,
                "minDistanceFromBot": 10,
                "maxDistanceFromBot": 1000,
                "steps": [
                    {
                        "position" : {
                            "x": -109.985992,
                            "y": 6.529419,
                            "z": -269.43103
                        }
                    }
                ]
            },
            {
                "repeatable": false,
                "maxBots": 3,
                "minDistanceFromBot": 10,
                "maxDistanceFromBot": 1000,
                "steps": [
                    {
                        "position" : {
                            "x": -99.76738,
                            "y": 5.834517,
                            "z": -287.774261
                        }
                    }
                ]
            }
        ]
    },
    {
        "repeatable": false,
        "minLevel": 0,
        "maxLevel": 99,
        "chanceForSelecting": 30,
        "priority": 20,
        "name": "Convenience Store House",
        "objectives" : [
            {
                "repeatable": false,
                "maxBots": 3,
                "minDistanceFromBot": 10,
                "maxDistanceFromBot": 99999,
                "steps": [
                    {
                        "position" : {
                            "x": -71.5975,
                            "y": 6.032806,
                            "z": -276.1599
                        }
                    },
                    {
                        "position" : {
                            "x": -72.14548,
                            "y": 6.03280926,
                            "z": -295.7627
                        }
                    },
                    {
                        "position" : {
                            "x": -77.7535553,
                            "y": 6.03281,
                            "z": -294.475555
                        }
                    },
                    {
                        "position" : {
                            "x": -77.84502,
                            "y": 9.050276,
                            "z": -294.921967
                        }
                    },
                    {
                        "position" : {
                            "x": -71.48745,
                            "y": 9.050275,
                            "z": -296.085876
                        }
                    },
                    {
                        "position" : {
                            "x": -77.3259,
                            "y": 9.050274,
                            "z": -281.575165
                        }
                    },
                    {
                        "position" : {
                            "x": -71.06774,
                            "y": 9.050272,
                            "z": -278.221558
                        }
                    }
                ]
            }
        ]
    },
    {
        "repeatable": false,
        "minLevel": 15,
        "maxLevel": 99,
        "chanceForSelecting": 15,
        "priority": 20,
        "name": "Convenience Store Storage",
        "objectives" : [
            {
                "repeatable": false,
                "maxBots": 3,
                "minDistanceFromBot": 30,
                "maxDistanceFromBot": 1000,
                "steps": [
                    {
                        "position" : {
                            "x": -59.0821075,
                            "y": 5.700978,
                            "z": -295.738129
                        }
                    }
                ]
            }
        ]
    },
    {
        "repeatable": false,
        "minLevel": 15,
        "maxLevel": 99,
        "chanceForSelecting": 15,
        "priority": 20,
        "name": "Cabins",
        "objectives" : [
            {
                "repeatable": false,
                "maxBots": 3,
                "minDistanceFromBot": 30,
                "maxDistanceFromBot": 1000,
                "steps": [
                    {
                        "position" : {
                            "x": -263.052551,
                            "y": 0.7855399,
                            "z": -316.641235
                        }
                    }
                ]
            },
            {
                "repeatable": false,
                "maxBots": 3,
                "minDistanceFromBot": 30,
                "maxDistanceFromBot": 1000,
                "steps": [
                    {
                        "position" : {
                            "x": -262.07196,
                            "y": 0.9993639,
                            "z": -348.534637
                        }
                    }
                ]
            },
            {
                "repeatable": false,
                "maxBots": 3,
                "minDistanceFromBot": 30,
                "maxDistanceFromBot": 1000,
                "steps": [
                    {
                        "position" : {
                            "x": -286.941864,
                            "y": 0.4015298,
                            "z": -339.7943
                        }
                    }
                ]
            },
            {
                "repeatable": false,
                "maxBots": 3,
                "minDistanceFromBot": 30,
                "maxDistanceFromBot": 1000,
                "steps": [
                    {
                        "position" : {
                            "x": -301.489746,
                            "y": 0.0570777543,
                            "z": -314.698029
                        }
                    }
                ]
            },
            {
                "repeatable": false,
                "maxBots": 3,
                "minDistanceFromBot": 30,
                "maxDistanceFromBot": 1000,
                "steps": [
                    {
                        "position" : {
                            "x": -271.4914,
                            "y": 0.928575039,
                            "z": -352.879883
                        }
                    }
                ]
            }
        ]
    },
    {
        "repeatable": false,
        "minLevel": 0,
        "maxLevel": 99,
        "chanceForSelecting": 30,
        "priority": 20,
        "name": "Cabins Crashed Van",
        "objectives" : [
            {
                "repeatable": false,
                "maxBots": 3,
                "minDistanceFromBot": 30,
                "maxDistanceFromBot": 1000,
                "steps": [
                    {
                        "position" : {
                            "x": -253.573669,
                            "y": 0.0433757454,
                            "z": -387.384735
                        }
                    }
                ]
            }
        ]
    },
    {
        "repeatable": true,
        "minLevel": 0,
        "maxLevel": 99,
        "chanceForSelecting": 30,
        "priority": 20,
        "name": "USEC Camp Road East Building",
        "objectives" : [
            {
                "repeatable": true,
                "maxBots": 3,
                "minDistanceFromBot": 30,
                "maxDistanceFromBot": 9999,
                "steps": [
                    {
                        "position" : {
                            "x": -169.737213,
                            "y": 4.70621252,
                            "z": -447.748138
                        }
                    }
                ]
            }
        ]
    },
    {
        "repeatable": false,
        "minLevel": 0,
        "maxLevel": 99,
        "chanceForSelecting": 30,
        "priority": 20,
        "name": "USEC Camp Workshop Buildings",
        "objectives" : [
            {
                "repeatable": false,
                "maxBots": 3,
                "minDistanceFromBot": 30,
                "maxDistanceFromBot": 1000,
                "steps": [
                    {
                        "position" : {
                            "x": -168.1047,
                            "y": 7.517896,
                            "z": -471.36908
                        }
                    }
                ]
            },
            {
                "repeatable": false,
                "maxBots": 3,
                "minDistanceFromBot": 30,
                "maxDistanceFromBot": 1000,
                "steps": [
                    {
                        "position" : {
                            "x": -171.903122,
                            "y": 4.94339752,
                            "z": -498.517944
                        }
                    }
                ]
            }
        ]
    },
    {
        "repeatable": false,
        "minLevel": 0,
        "maxLevel": 99,
        "chanceForSelecting": 30,
        "priority": 20,
        "name": "USEC Camp Helipad Area",
        "objectives" : [
            {
                "repeatable": false,
                "maxBots": 3,
                "minDistanceFromBot": 30,
                "maxDistanceFromBot": 1000,
                "steps": [
                    {
                        "position" : {
                            "x": -96.90406,
                            "y": 0.203337222,
                            "z": -490.314
                        }
                    }
                ]
            },
            {
                "repeatable": false,
                "maxBots": 3,
                "minDistanceFromBot": 30,
                "maxDistanceFromBot": 1000,
                "steps": [
                    {
                        "position" : {
                            "x": -97.23684,
                            "y": 1.65051508,
                            "z": -521.158447
                        }
                    }
                ]
            },
            {
                "repeatable": false,
                "maxBots": 3,
                "minDistanceFromBot": 30,
                "maxDistanceFromBot": 1000,
                "steps": [
                    {
                        "position" : {
                            "x": -83.34874,
                            "y": -0.13599728,
                            "z": -563.8777
                        }
                    }
                ]
            },
            {
                "repeatable": false,
                "maxBots": 3,
                "minDistanceFromBot": 30,
                "maxDistanceFromBot": 1000,
                "steps": [
                    {
                        "position" : {
                            "x": -111.78653,
                            "y": -0.1455664,
                            "z": -547.138855
                        }
                    }
                ]
            },
            {
                "repeatable": false,
                "maxBots": 3,
                "minDistanceFromBot": 30,
                "maxDistanceFromBot": 1000,
                "steps": [
                    {
                        "position" : {
                            "x": -96.19552,
                            "y": -0.145574287,
                            "z": -536.3548
                        }
                    }
                ]
            },
            {
                "repeatable": false,
                "maxBots": 3,
                "minDistanceFromBot": 30,
                "maxDistanceFromBot": 1000,
                "steps": [
                    {
                        "position" : {
                            "x": -44.4484978,
                            "y": 7.07995558,
                            "z": -521.359741
                        }
                    }
                ]
            }
        ]
    },
    {
        "repeatable": false,
        "minLevel": 0,
        "maxLevel": 99,
        "chanceForSelecting": 30,
        "priority": 20,
        "name": "Resort Garage",
        "objectives" : [
            {
                "repeatable": false,
                "maxBots": 3,
                "minDistanceFromBot": 30,
                "maxDistanceFromBot": 1000,
                "steps": [
                    {
                        "position" : {
                            "x": -106.394966,
                            "y": 17.90842,
                            "z": -10.0098286
                        }
                    },
                    {
                        "position" : {
                            "x": -109.044022,
                            "y": 20.9000721,
                            "z": -15.8465872
                        }
                    },
                    {
                        "position" : {
                            "x": -116.804871,
                            "y": 20.90008,
                            "z": -20.4138756
                        }
                    }
                ]
            }
        ]
    },
    {
        "repeatable": true,
        "minLevel": 0,
        "maxLevel": 99,
        "chanceForSelecting": 30,
        "priority": 20,
        "name": "Resort Front Yard",
        "objectives" : [
            {
                "repeatable": true,
                "maxBots": 3,
                "minDistanceFromBot": 30,
                "maxDistanceFromBot": 1000,
                "steps": [
                    {
                        "position" : {
                            "x": -96.19256,
                            "y": 17.5896969,
                            "z": -42.41065
                        }
                    }
                ]
            },
            {
                "repeatable": true,
                "maxBots": 3,
                "minDistanceFromBot": 30,
                "maxDistanceFromBot": 1000,
                "steps": [
                    {
                        "position" : {
                            "x": -67.1896057,
                            "y": 17.5896912,
                            "z": -23.5435562
                        }
                    }
                ]
            }
        ]
    },
    {
        "repeatable": false,
        "minLevel": 0,
        "maxLevel": 99,
        "chanceForSelecting": 30,
        "priority": 20,
        "name": "Resort",
        "objectives" : [
            {
                "repeatable": false,
                "maxBots": 3,
                "minDistanceFromBot": 5,
                "maxDistanceFromBot": 1000,
                "steps": [
                    {
                        "position" : {
                            "x": -81.1505356,
                            "y": 18.2847767,
                            "z": -53.8898
                        }
                    }
                ]
            },
            {
                "repeatable": false,
                "maxBots": 3,
                "minDistanceFromBot": 5,
                "maxDistanceFromBot": 1000,
                "steps": [
                    {
                        "position" : {
                            "x": -78.80603,
                            "y": 18.2847767,
                            "z": -87.48046
                        }
                    }
                ]
            },
            {
                "repeatable": false,
                "maxBots": 3,
                "minDistanceFromBot": 5,
                "maxDistanceFromBot": 1000,
                "steps": [
                    {
                        "position" : {
                            "x": -73.03625,
                            "y": 18.2847385,
                            "z": -91.0424957
                        }
                    }
                ]
            },
            {
                "repeatable": false,
                "maxBots": 3,
                "minDistanceFromBot": 5,
                "maxDistanceFromBot": 1000,
                "steps": [
                    {
                        "position" : {
                            "x": -79.87281,
                            "y": 21.8669586,
                            "z": -90.62389
                        }
                    }
                ]
            },
            {
                "repeatable": false,
                "maxBots": 3,
                "minDistanceFromBot": 5,
                "maxDistanceFromBot": 1000,
                "steps": [
                    {
                        "position" : {
                            "x": -83.6373444,
                            "y": 24.4348354,
                            "z": -74.258316
                        }
                    }
                ]
            },
            {
                "repeatable": false,
                "maxBots": 3,
                "minDistanceFromBot": 5,
                "maxDistanceFromBot": 1000,
                "steps": [
                    {
                        "position" : {
                            "x": -79.6947861,
                            "y": 21.8669586,
                            "z": -57.0139542
                        }
                    }
                ]
            }
        ]
    },
    {
        "repeatable": true,
        "minLevel": 0,
        "maxLevel": 99,
        "chanceForSelecting": 30,
        "priority": 20,
        "name": "Resort Overlook",
        "objectives" : [
            {
                "repeatable": true,
                "maxBots": 3,
                "minDistanceFromBot": 30,
                "maxDistanceFromBot": 1000,
                "steps": [
                    {
                        "position" : {
                            "x": -56.4292641,
                            "y": 19.093504,
                            "z": -122.957176
                        }
                    }
                ]
            },
            {
                "repeatable": true,
                "maxBots": 3,
                "minDistanceFromBot": 30,
                "maxDistanceFromBot": 1000,
                "steps": [
                    {
                        "position" : {
                            "x": -54.5435066,
                            "y": 19.15492,
                            "z": -136.50351
                        }
                    }
                ]
            },
            {
                "repeatable": false,
                "maxBots": 3,
                "minDistanceFromBot": 30,
                "maxDistanceFromBot": 1000,
                "steps": [
                    {
                        "position" : {
                            "x": -64.99453,
                            "y": 19.8203144,
                            "z": -133.941711
                        }
                    }
                ]
            }
        ]
    },
    {
        "repeatable": true,
        "minLevel": 0,
        "maxLevel": 99,
        "chanceForSelecting": 30,
        "priority": 20,
        "name": "Resort Sniping",
        "objectives" : [
            {
                "repeatable": true,
                "maxBots": 3,
                "minDistanceFromBot": 30,
                "maxDistanceFromBot": 1000,
                "steps": [
                    {
                        "position" : {
                            "x": -59.15952,
                            "y": 19.3659611,
                            "z": -107.264793
                        }
                    }
                ]
            },
            {
                "repeatable": true,
                "maxBots": 3,
                "minDistanceFromBot": 30,
                "maxDistanceFromBot": 1000,
                "steps": [
                    {
                        "position" : {
                            "x": -72.9312057,
                            "y": 21.86696,
                            "z": -89.21255
                        }
                    }
                ]
            },
            {
                "repeatable": true,
                "maxBots": 3,
                "minDistanceFromBot": 30,
                "maxDistanceFromBot": 1000,
                "steps": [
                    {
                        "position" : {
                            "x": -73.15654,
                            "y": 21.8669548,
                            "z": -58.26992
                        }
                    }
                ]
            }
        ]
    },
    {
        "repeatable": false,
        "minLevel": 0,
        "maxLevel": 99,
        "chanceForSelecting": 30,
        "priority": 20,
        "name": "Tennis Courts",
        "objectives" : [
            {
                "repeatable": false,
                "maxBots": 3,
                "minDistanceFromBot": 30,
                "maxDistanceFromBot": 1000,
                "steps": [
                    {
                        "position" : {
                            "x": -66.60237,
                            "y": 26.77016,
                            "z": 110.874985
                        }
                    }
                ]
            },
            {
                "repeatable": false,
                "maxBots": 3,
                "minDistanceFromBot": 30,
                "maxDistanceFromBot": 1000,
                "steps": [
                    {
                        "position" : {
                            "x": -71.39276,
                            "y": 26.77016,
                            "z": 133.071487
                        }
                    }
                ]
            },
            {
                "repeatable": false,
                "maxBots": 3,
                "minDistanceFromBot": 30,
                "maxDistanceFromBot": 1000,
                "steps": [
                    {
                        "position" : {
                            "x": -73.72335,
                            "y": 27.3581543,
                            "z": 146.984879
                        }
                    }
                ]
            }
        ]
    },
    {
        "repeatable": false,
        "minLevel": 0,
        "maxLevel": 99,
        "chanceForSelecting": 30,
        "priority": 20,
        "name": "Chalet Remote Building",
        "objectives" : [
            {
                "repeatable": false,
                "maxBots": 3,
                "minDistanceFromBot": 30,
                "maxDistanceFromBot": 1000,
                "steps": [
                    {
                        "position" : {
                            "x": -128.736176,
                            "y": 39.50794,
                            "z": 131.354858
                        }
                    }
                ]
            }
        ]
    },
    {
        "repeatable": false,
        "minLevel": 0,
        "maxLevel": 99,
        "chanceForSelecting": 30,
        "priority": 20,
        "name": "Chalet Kayak Storage",
        "objectives" : [
            {
                "repeatable": false,
                "maxBots": 3,
                "minDistanceFromBot": 30,
                "maxDistanceFromBot": 1000,
                "steps": [
                    {
                        "position" : {
                            "x": -149.062241,
                            "y": 39.9193077,
                            "z": 94.82135
                        }
                    }
                ]
            }
        ]
    },
    {
        "repeatable": false,
        "minLevel": 0,
        "maxLevel": 99,
        "chanceForSelecting": 30,
        "priority": 20,
        "name": "Chalet",
        "objectives" : [
            {
                "repeatable": false,
                "maxBots": 3,
                "minDistanceFromBot": 30,
                "maxDistanceFromBot": 1000,
                "steps": [
                    {
                        "position" : {
                            "x": -123.842087,
                            "y": 39.87246,
                            "z": 76.5801239
                        }
                    }
                ]
            },
            {
                "repeatable": false,
                "maxBots": 3,
                "minDistanceFromBot": 30,
                "maxDistanceFromBot": 1000,
                "steps": [
                    {
                        "position" : {
                            "x": -117.460472,
                            "y": 39.872406,
                            "z": 86.66805
                        }
                    }
                ]
            },
            {
                "repeatable": false,
                "maxBots": 3,
                "minDistanceFromBot": 30,
                "maxDistanceFromBot": 1000,
                "steps": [
                    {
                        "position" : {
                            "x": -128.764053,
                            "y": 39.8724022,
                            "z": 104.8246
                        }
                    }
                ]
            },
            {
                "repeatable": false,
                "maxBots": 3,
                "minDistanceFromBot": 30,
                "maxDistanceFromBot": 1000,
                "steps": [
                    {
                        "position" : {
                            "x": -118.459038,
                            "y": 42.89334,
                            "z": 86.5755539
                        }
                    }
                ]
            },
            {
                "repeatable": false,
                "maxBots": 3,
                "minDistanceFromBot": 30,
                "maxDistanceFromBot": 1000,
                "steps": [
                    {
                        "position" : {
                            "x": -122.235992,
                            "y": 36.63736,
                            "z": 97.2785645
                        }
                    }
                ]
            },
            {
                "repeatable": false,
                "maxBots": 3,
                "minDistanceFromBot": 30,
                "maxDistanceFromBot": 1000,
                "steps": [
                    {
                        "position" : {
                            "x": -129.995453,
                            "y": 36.23636,
                            "z": 105.830513
                        }
                    }
                ]
            },
            {
                "repeatable": false,
                "maxBots": 3,
                "minDistanceFromBot": 30,
                "maxDistanceFromBot": 1000,
                "steps": [
                    {
                        "position" : {
                            "x": -117.0233,
                            "y": 36.63736,
                            "z": 105.504707
                        }
                    }
                ]
            },
            {
                "repeatable": false,
                "maxBots": 3,
                "minDistanceFromBot": 30,
                "maxDistanceFromBot": 1000,
                "steps": [
                    {
                        "position" : {
                            "x": -122.917084,
                            "y": 36.63736,
                            "z": 80.0848
                        }
                    }
                ]
            },
            {
                "repeatable": false,
                "maxBots": 3,
                "minDistanceFromBot": 30,
                "maxDistanceFromBot": 1000,
                "steps": [
                    {
                        "position" : {
                            "x": -110.684525,
                            "y": 33.105854,
                            "z": 87.32484
                        }
                    }
                ]
            }
        ]
    },
    {
        "repeatable": true,
        "minLevel": 0,
        "maxLevel": 99,
        "chanceForSelecting": 30,
        "priority": 20,
        "name": "Chalet Outdoor Area",
        "objectives" : [
            {
                "repeatable": true,
                "maxBots": 3,
                "minDistanceFromBot": 30,
                "maxDistanceFromBot": 1000,
                "steps": [
                    {
                        "position" : {
                            "x": -114.276077,
                            "y": 39.8468781,
                            "z": 76.89095
                        }
                    }
                ]
            },
            {
                "repeatable": true,
                "maxBots": 3,
                "minDistanceFromBot": 30,
                "maxDistanceFromBot": 1000,
                "steps": [
                    {
                        "position" : {
                            "x": -112.59478,
                            "y": 39.8468781,
                            "z": 89.85522
                        }
                    }
                ]
            },
            {
                "repeatable": false,
                "maxBots": 3,
                "minDistanceFromBot": 30,
                "maxDistanceFromBot": 1000,
                "steps": [
                    {
                        "position" : {
                            "x": -109.113419,
                            "y": 33.1218376,
                            "z": 105.437355
                        }
                    }
                ]
            },
            {
                "repeatable": false,
                "maxBots": 3,
                "minDistanceFromBot": 30,
                "maxDistanceFromBot": 1000,
                "steps": [
                    {
                        "position" : {
                            "x": -116.64325,
                            "y": 36.637352,
                            "z": 74.70319
                        }
                    }
                ]
            }
        ]
    },
    {
        "repeatable": false,
        "minLevel": 0,
        "maxLevel": 99,
        "chanceForSelecting": 30,
        "priority": 20,
        "name": "Helicopter Crash Armchair",
        "objectives" : [
            {
                "repeatable": false,
                "maxBots": 3,
                "minDistanceFromBot": 30,
                "maxDistanceFromBot": 1000,
                "steps": [
                    {
                        "position" : {
                            "x": -132.804367,
                            "y": 31.7275543,
                            "z": 273.4695
                        }
                    }
                ]
            }
        ]
    },
    {
        "repeatable": false,
        "minLevel": 0,
        "maxLevel": 99,
        "chanceForSelecting": 30,
        "priority": 20,
        "name": "Helicopter Crash",
        "objectives" : [
            {
                "repeatable": false,
                "maxBots": 3,
                "minDistanceFromBot": 30,
                "maxDistanceFromBot": 1000,
                "steps": [
                    {
                        "position" : {
                            "x": -134.072189,
                            "y": 21.61867,
                            "z": 300.528137
                        }
                    }
                ]
            }
        ]
    }
]