[
    {
        "repeatable": true,
        "minLevel": 0,
        "maxLevel": 99,
        "maxBots": 2,
        "chanceForSelecting": 50,
        "priority": 18,
        "maxRaidET": 30,
        "name": "3rd Floor Office Rush",
        "objectives" : [
            {
                "repeatable": true,
                "minDistanceFromBot": 5,
                "maxDistanceFromBot": 300,
                "steps": [
                    {
                        "position" : {
                            "x": 19.6659336,
                            "y": 8.210877,
                            "z": 39.32507
                        }
                    }
                ]
            }
        ]
    },
    {
        "repeatable": true,
        "minLevel": 0,
        "maxLevel": 99,
        "maxBots": 3,
        "chanceForSelecting": 30,
        "priority": 20,
        "name": "3rd Floor Office",
        "objectives" : [
            {
                "repeatable": true,
                "minDistanceFromBot": 20,
                "maxDistanceFromBot": 9999,
                "steps": [
                    {
                        "position" : {
                            "x": 19.6659336,
                            "y": 8.210877,
                            "z": 39.32507
                        }
                    }
                ]
            }
        ]
    },
    {
        "repeatable": true,
        "minLevel": 0,
        "maxLevel": 99,
        "maxBots": 3,
        "chanceForSelecting": 30,
        "priority": 20,
        "name": "1st Floor Office",
        "objectives" : [
            {
                "repeatable": true,
                "minDistanceFromBot": 20,
                "maxDistanceFromBot": 9999,
                "steps": [
                    {
                        "position" : {
                            "x": 27.93569,
                            "y": 1.05174947,
                            "z": 45.4769974
                        }
                    }
                ]
            }
        ]
    },
    {
        "repeatable": true,
        "minLevel": 0,
        "maxLevel": 99,
        "maxBots": 3,
        "chanceForSelecting": 30,
        "priority": 20,
        "name": "3rd Floor Bridge",
        "objectives" : [
            {
                "repeatable": true,
                "minDistanceFromBot": 20,
                "maxDistanceFromBot": 9999,
                "steps": [
                    {
                        "position" : {
                            "x": 34.9922,
                            "y": 7.80017853,
                            "z": 31.46494
                        }
                    }
                ]
            }
        ]
    },
    {
        "repeatable": true,
        "minLevel": 0,
        "maxLevel": 99,
        "maxBots": 3,
        "chanceForSelecting": 30,
        "priority": 20,
        "name": "Med Tent",
        "objectives" : [
            {
                "repeatable": true,
                "minDistanceFromBot": 30,
                "maxDistanceFromBot": 9999,
                "steps": [
                    {
                        "position" : {
                            "x": -16.1654949,
                            "y": 0.259162873,
                            "z": -25.7997437
                        }
                    }
                ]
            }
        ]
    },
    {
        "repeatable": true,
        "minLevel": 0,
        "maxLevel": 99,
        "maxBots": 2,
        "chanceForSelecting": 20,
        "priority": 20,
        "name": "Forklift",
        "objectives" : [
            {
                "repeatable": true,
                "minDistanceFromBot": 75,
                "maxDistanceFromBot": 500,
                "steps": [
                    {
                        "position" : {
                            "x": 68.7288361,
                            "y": 0.0977746546,
                            "z": -38.22054
                        }
                    }
                ]
            }
        ]
    },
    {
        "repeatable": true,
        "minLevel": 0,
        "maxLevel": 99,
        "maxBots": 1,
        "chanceForSelecting": 15,
        "priority": 20,
        "name": "Boilers",
        "objectives" : [
            {
                "repeatable": true,
                "minDistanceFromBot": 20,
                "maxDistanceFromBot": 300,
                "steps": [
                    {
                        "position" : {
                            "x": 51.1654968,
                            "y": 4.309441,
                            "z": 10.63328
                        }
                    }
                ]
            }
        ]
    },
    {
        "repeatable": true,
        "minLevel": 10,
        "maxLevel": 99,
        "maxBots": 1,
        "chanceForSelecting": 5,
        "priority": 21,
        "name": "Engineer's Office",
        "objectives" : [
            {
                "repeatable": true,
                "minDistanceFromBot": 5,
                "maxDistanceFromBot": 500,
                "steps": [
                    {
                        "position" : {
                            "x": 31.1152,
                            "y": 8.210876,
                            "z": 39.4699364
                        }
                    }
                ]
            }
        ]
    },
    {
        "repeatable": true,
        "minLevel": 10,
        "maxLevel": 99,
        "maxBots": 1,
        "chanceForSelecting": 5,
        "priority": 21,
        "name": "Gate 0",
        "objectives" : [
            {
                "repeatable": true,
                "minDistanceFromBot": 5,
                "maxDistanceFromBot": 300,
                "steps": [
                    {
                        "position" : {
                            "x": -59.6667824,
                            "y": 1.300873,
                            "z": 55.5726776
                        }
                    }
                ]
            }
        ]
    },
    {
        "repeatable": true,
        "minLevel": 10,
        "maxLevel": 99,
        "maxBots": 1,
        "chanceForSelecting": 5,
        "priority": 21,
        "name": "Med Tent Gate",
        "objectives" : [
            {
                "repeatable": true,
                "minDistanceFromBot": 5,
                "maxDistanceFromBot": 300,
                "steps": [
                    {
                        "position" : {
                            "x": -18.3804874,
                            "y": 0.210918948,
                            "z": -54.71151
                        }
                    }
                ]
            }
        ]
    },
    {
        "repeatable": true,
        "minLevel": 10,
        "maxLevel": 99,
        "maxBots": 1,
        "chanceForSelecting": 5,
        "priority": 21,
        "name": "Cellars",
        "objectives" : [
            {
                "repeatable": true,
                "minDistanceFromBot": 5,
                "maxDistanceFromBot": 300,
                "steps": [
                    {
                        "position" : {
                            "x": 73.16466,
                            "y": -4.6014514,
                            "z": -28.6016216
                        }
                    }
                ]
            }
        ]
    },
    {
        "repeatable": true,
        "minLevel": 0,
        "maxLevel": 99,
        "maxBots": 2,
        "chanceForSelecting": 5,
        "priority": 21,
        "name": "Gate 3",
        "objectives" : [
            {
                "repeatable": true,
                "minDistanceFromBot": 5,
                "maxDistanceFromBot": 500,
                "steps": [
                    {
                        "position" : {
                            "x": 56.4280052,
                            "y": 0.227544457,
                            "z": 56.4638138
                        }
                    }
                ]
            }
        ]
    }
]