[
    {
        "repeatable": false,
        "minLevel": 0,
        "maxLevel": 99,
        "maxBots": 2,
        "desirability": 15,
        "name": "Chairman's House",
        "objectives" : [
            {
                "repeatable": false,
                "minDistanceFromBot": 5,
                "maxDistanceFromBot": 300,
                "maxRunDistance": 5,
                "steps": [
                    {
                        "position" : {
                            "x": 407.169067,
                            "y": -53.36436,
                            "z": -46.4891052
                        }
                    }
                ]
            }
        ]
    },
    {
        "repeatable": false,
        "minLevel": 0,
        "maxLevel": 99,
        "maxBots": 2,
        "desirability": 10,
        "name": "Church",
        "objectives" : [
            {
                "repeatable": false,
                "minDistanceFromBot": 5,
                "maxDistanceFromBot": 200,
                "maxRunDistance": 5,
                "steps": [
                    {
                        "position" : {
                            "x": 259.7854,
                            "y": -54.1974945,
                            "z": -105.3545
                        }
                    }
                ]
            }
        ]
    },
    {
        "repeatable": false,
        "minLevel": 0,
        "maxLevel": 99,
        "maxBots": 2,
        "desirability": 15,
        "name": "Priest's House",
        "objectives" : [
            {
                "repeatable": false,
                "minDistanceFromBot": 5,
                "maxDistanceFromBot": 200,
                "maxRunDistance": 6,
                "steps": [
                    {
                        "position" : {
                            "x": 287.601776,
                            "y": -50.6278572,
                            "z": -43.31086
                        }
                    }
                ]
            }
        ]
    },
    {
        "repeatable": false,
        "minLevel": 0,
        "maxLevel": 99,
        "maxBots": 2,
        "desirability": 20,
        "name": "Village",
        "objectives" : [
            {
                "repeatable": false,
                "minDistanceFromBot": 5,
                "maxDistanceFromBot": 500,
                "maxRunDistance": 5,
                "steps": [
                    {
                        "position" : {
                            "x": 425.557953,
                            "y": -54.22162,
                            "z": 66.58849
                        }
                    }
                ]
            },
            {
                "repeatable": false,
                "minDistanceFromBot": 5,
                "maxDistanceFromBot": 500,
                "maxRunDistance": 5,
                "steps": [
                    {
                        "position" : {
                            "x": 434.83313,
                            "y": -54.32498,
                            "z": 79.3908539
                        }
                    }
                ]
            },
            {
                "repeatable": false,
                "minDistanceFromBot": 5,
                "maxDistanceFromBot": 500,
                "maxRunDistance": 7,
                "steps": [
                    {
                        "position" : {
                            "x": 407.2381,
                            "y": -54.22823,
                            "z": 99.14002
                        }
                    }
                ]
            },
            {
                "repeatable": false,
                "minDistanceFromBot": 5,
                "maxDistanceFromBot": 500,
                "maxRunDistance": 5,
                "steps": [
                    {
                        "position" : {
                            "x": 414.049072,
                            "y": -54.08855,
                            "z": 159.745621
                        }
                    },
                    {
                        "position" : {
                            "x": 412.895355,
                            "y": -54.0883446,
                            "z": 166.176758
                        }
                    }
                ]
            },
            {
                "repeatable": false,
                "minDistanceFromBot": 5,
                "maxDistanceFromBot": 500,
                "maxRunDistance": 5,
                "steps": [
                    {
                        "position" : {
                            "x": 401.778137,
                            "y": -54.123127,
                            "z": 134.666214
                        }
                    },
                    {
                        "position" : {
                            "x": 397.729584,
                            "y": -54.12313,
                            "z": 139.847336
                        }
                    },
                    {
                        "position" : {
                            "x": 391.9996,
                            "y": -54.1231346,
                            "z": 143.169861
                        }
                    }
                ]
            },
            {
                "repeatable": false,
                "minDistanceFromBot": 5,
                "maxDistanceFromBot": 500,
                "maxRunDistance": 5,
                "steps": [
                    {
                        "position" : {
                            "x": 448.233459,
                            "y": -54.0749321,
                            "z": 149.869919
                        }
                    }
                ]
            },
            {
                "repeatable": false,
                "minDistanceFromBot": 5,
                "maxDistanceFromBot": 500,
                "maxRunDistance": 5,
                "steps": [
                    {
                        "position" : {
                            "x": 451.729645,
                            "y": -54.55198,
                            "z": 178.35672
                        }
                    }
                ]
            }
        ]
    },
    {
        "repeatable": false,
        "minLevel": 0,
        "maxLevel": 99,
        "maxBots": 2,
        "desirability": 20,
        "name": "Cabins",
        "objectives" : [
            {
                "repeatable": false,
                "minDistanceFromBot": 5,
                "maxDistanceFromBot": 500,
                "steps": [
                    {
                        "position" : {
                            "x": 348.863434,
                            "y": -56.3429375,
                            "z": 152.200516
                        }
                    }
                ]
            },
            {
                "repeatable": false,
                "minDistanceFromBot": 5,
                "maxDistanceFromBot": 500,
                "maxRunDistance": 10,
                "steps": [
                    {
                        "position" : {
                            "x": 305.0224,
                            "y": -56.3934555,
                            "z": 128.111481
                        }
                    }
                ]
            },
            {
                "repeatable": false,
                "minDistanceFromBot": 5,
                "maxDistanceFromBot": 500,
                "maxRunDistance": 5,
                "steps": [
                    {
                        "position" : {
                            "x": 312.9704,
                            "y": -56.09436,
                            "z": 156.510147
                        }
                    },
                    {
                        "position" : {
                            "x": 315.598663,
                            "y": -56.09436,
                            "z": 160.63385
                        }
                    }
                ]
            },
            {
                "repeatable": false,
                "minDistanceFromBot": 5,
                "maxDistanceFromBot": 500,
                "maxRunDistance": 3,
                "steps": [
                    {
                        "position" : {
                            "x": 315.911255,
                            "y": -56.35905,
                            "z": 135.109314
                        }
                    }
                ]
            },
            {
                "repeatable": false,
                "minDistanceFromBot": 5,
                "maxDistanceFromBot": 500,
                "maxRunDistance": 3,
                "steps": [
                    {
                        "position" : {
                            "x": 299.348022,
                            "y": -56.2416153,
                            "z": 116.038452
                        }
                    }
                ]
            },
            {
                "repeatable": false,
                "minDistanceFromBot": 5,
                "maxDistanceFromBot": 500,
                "maxRunDistance": 5,
                "steps": [
                    {
                        "position" : {
                            "x": 266.100342,
                            "y": -56.2385445,
                            "z": 181.419678
                        }
                    }
                ]
            },
            {
                "repeatable": false,
                "minDistanceFromBot": 5,
                "maxDistanceFromBot": 500,
                "maxRunDistance": 5,
                "steps": [
                    {
                        "position" : {
                            "x": 323.2423,
                            "y": -55.73268,
                            "z": 133.799942
                        }
                    }
                ]
            }
        ]
    },
    {
        "repeatable": false,
        "minLevel": 0,
        "maxLevel": 99,
        "maxBots": 2,
        "desirability": 25,
        "canRunBetweenObjectives": false,
        "name": "West Cottage",
        "objectives" : [
            {
                "repeatable": false,
                "minDistanceFromBot": 5,
                "maxDistanceFromBot": 500,
                "maxRunDistance": 6,
                "steps": [
                    {
                        "position" : {
                            "x": 134.733017,
                            "y": -45.4795456,
                            "z": 122.745193
                        }
                    },
                    {
                        "position" : {
                            "x": 135.108,
                            "y": -45.4795532,
                            "z": 129.360336
                        }
                    },
                    {
                        "position" : {
                            "x": 143.665863,
                            "y": -45.47955,
                            "z": 129.045013
                        }
                    }
                ]
            }
        ]
    },
    {
        "repeatable": true,
        "minLevel": 0,
        "maxLevel": 99,
        "maxBots": 3,
        "desirability": 25,
        "name": "Cottage Garage",
        "objectives" : [
            {
                "repeatable": true,
                "minDistanceFromBot": 5,
                "maxDistanceFromBot": 500,
                "maxRunDistance": 2,
                "steps": [
                    {
                        "position" : {
                            "x": 124.033058,
                            "y": -48.4883041,
                            "z": 130.663208
                        }
                    }
                ]
            }
        ]
    },
    {
        "repeatable": false,
        "minLevel": 15,
        "maxLevel": 99,
        "maxBots": 2,
        "desirability": 30,
        "canRunBetweenObjectives": false,
        "name": "Sanitar's House",
        "objectives" : [
            {
                "repeatable": false,
                "minDistanceFromBot": 5,
                "maxDistanceFromBot": 1000,
                "maxRunDistance": 6,
                "steps": [
                    {
                        "position" : {
                            "x": 94.232605,
                            "y": -45.4795532,
                            "z": 105.612335
                        }
                    },
                    {
                        "position" : {
                            "x": 98.57321,
                            "y": -45.4795532,
                            "z": 105.273567
                        }
                    },
                    {
                        "position" : {
                            "x": 92.02867,
                            "y": -45.479557,
                            "z": 112.136543
                        }
                    }
                ]
            }
        ]
    },
    {
        "repeatable": true,
        "isSniping": true,
        "minLevel": 0,
        "maxLevel": 99,
        "maxBots": 3,
        "maxBotsInGroup": 1,
        "minRaidET": 120,
        "desirability": 20,
        "pmcsOnly": true,
        "name": "Scav Island Sniping",
        "objectives" : [
            {
                "repeatable": true,
                "minDistanceFromBot": 5,
                "maxDistanceFromBot": 500,
                "lootAfterCompleting": "Inhibit",
                "steps": [
                    {
                        "waitTimeAfterCompleting": 1,
                        "position" : {
                            "x": 232.474319,
                            "y": -54.80419,
                            "z": 280.612671
                        }
                    },
                    {
                        "stepType" : "Ambush",
                        "minElapsedTime": {
                            "min": 30,
                            "max": 120
                        },
                        "position" : {
                            "x": 232.474319,
                            "y": -54.80419,
                            "z": 280.612671
                        },
                        "lookToPosition" : {
                            "x": 236.733566,
                            "y": -64.4540253,
                            "z": 425.7493
                        }
                    }
                ]
            },
            {
                "repeatable": true,
                "minDistanceFromBot": 5,
                "maxDistanceFromBot": 500,
                "lootAfterCompleting": "Inhibit",
                "steps": [
                    {
                        "waitTimeAfterCompleting": 1,
                        "position" : {
                            "x": 189.156387,
                            "y": -55.7266426,
                            "z": 289.8128
                        }
                    },
                    {
                        "stepType" : "Ambush",
                        "minElapsedTime": {
                            "min": 30,
                            "max": 120
                        },
                        "position" : {
                            "x": 189.156387,
                            "y": -55.7266426,
                            "z": 289.8128
                        },
                        "lookToPosition" : {
                            "x": 244.119278,
                            "y": -64.7001953,
                            "z": 419.917572
                        }
                    }
                ]
            },
            {
                "repeatable": true,
                "minDistanceFromBot": 5,
                "maxDistanceFromBot": 500,
                "lootAfterCompleting": "Inhibit",
                "steps": [
                    {
                        "waitTimeAfterCompleting": 1,
                        "position" : {
                            "x": 140.066879,
                            "y": -51.9296875,
                            "z": 289.380859
                        }
                    },
                    {
                        "stepType" : "Ambush",
                        "minElapsedTime": {
                            "min": 30,
                            "max": 120
                        },
                        "position" : {
                            "x": 140.066879,
                            "y": -51.9296875,
                            "z": 289.380859
                        },
                        "lookToPosition" : {
                            "x": 189.213043,
                            "y": -64.57098,
                            "z": 416.903748
                        }
                    }
                ]
            }
        ]
    },
    {
        "repeatable": true,
        "isSniping": true,
        "minLevel": 0,
        "maxLevel": 99,
        "maxBots": 3,
        "maxBotsInGroup": 1,
        "desirability": 25,
        "pmcsOnly": true,
        "name": "Gas Station Sniping",
        "objectives" : [
            {
                "repeatable": true,
                "minDistanceFromBot": 5,
                "maxDistanceFromBot": 9999,
                "lootAfterCompleting": "Inhibit",
                "steps": [
                    {
                        "waitTimeAfterCompleting": 1,
                        "position" : {
                            "x": -108.158958,
                            "y": -45.18403,
                            "z": 367.4706
                        }
                    },
                    {
                        "stepType" : "Ambush",
                        "minElapsedTime": {
                            "min": 45,
                            "max": 180
                        },
                        "position" : {
                            "x": -108.158958,
                            "y": -45.18403,
                            "z": 367.4706
                        },
                        "lookToPosition" : {
                            "x": -165.7035,
                            "y": -55.74522,
                            "z": 394.643341
                        }
                    }
                ]
            },
            {
                "repeatable": true,
                "minDistanceFromBot": 5,
                "maxDistanceFromBot": 9999,
                "lootAfterCompleting": "Inhibit",
                "steps": [
                    {
                        "waitTimeAfterCompleting": 1,
                        "position" : {
                            "x": -122.217194,
                            "y": -44.9731522,
                            "z": 354.197449
                        }
                    },
                    {
                        "stepType" : "Ambush",
                        "minElapsedTime": {
                            "min": 45,
                            "max": 180
                        },
                        "position" : {
                            "x": -122.217194,
                            "y": -44.9731522,
                            "z": 354.197449
                        },
                        "lookToPosition" : {
                            "x": -213.98497,
                            "y": -59.6730728,
                            "z": 427.84787
                        }
                    }
                ]
            },
            {
                "repeatable": true,
                "minDistanceFromBot": 5,
                "maxDistanceFromBot": 9999,
                "lootAfterCompleting": "Inhibit",
                "steps": [
                    {
                        "waitTimeAfterCompleting": 1,
                        "position" : {
                            "x": -138.0275,
                            "y": -44.83409,
                            "z": 335.023376
                        }
                    },
                    {
                        "stepType" : "Ambush",
                        "minElapsedTime": {
                            "min": 45,
                            "max": 180
                        },
                        "position" : {
                            "x": -138.0275,
                            "y": -44.83409,
                            "z": 335.023376
                        },
                        "lookToPosition" : {
                            "x": -184.044037,
                            "y": -55.74522,
                            "z": 405.198029
                        }
                    }
                ]
            }
        ]
    },
    {
        "repeatable": true,
        "isSniping": true,
        "minLevel": 0,
        "maxLevel": 99,
        "maxBots": 3,
        "maxBotsInGroup": 1,
        "desirability": 25,
        "pmcsOnly": true,
        "name": "Sniper Rock Sniping",
        "objectives" : [
            {
                "repeatable": true,
                "minDistanceFromBot": 5,
                "maxDistanceFromBot": 9999,
                "lootAfterCompleting": "Inhibit",
                "steps": [
                    {
                        "waitTimeAfterCompleting": 1,
                        "position" : {
                            "x": -255.989929,
                            "y": -1.700679,
                            "z": -289.6939
                        }
                    },
                    {
                        "stepType" : "Ambush",
                        "minElapsedTime": {
                            "min": 45,
                            "max": 180
                        },
                        "position" : {
                            "x": -255.989929,
                            "y": -1.700679,
                            "z": -289.6939
                        },
                        "lookToPosition" : {
                            "x": -154.846848,
                            "y": -3.87980843,
                            "z": -268.412781
                        }
                    }
                ]
            },
            {
                "repeatable": true,
                "minDistanceFromBot": 5,
                "maxDistanceFromBot": 9999,
                "lootAfterCompleting": "Inhibit",
                "steps": [
                    {
                        "waitTimeAfterCompleting": 1,
                        "position" : {
                            "x": -251.416321,
                            "y": -0.9925275,
                            "z": -274.257324
                        }
                    },
                    {
                        "stepType" : "Ambush",
                        "minElapsedTime": {
                            "min": 45,
                            "max": 180
                        },
                        "position" : {
                            "x": -251.416321,
                            "y": -0.9925275,
                            "z": -274.257324
                        },
                        "lookToPosition" : {
                            "x": -145.314117,
                            "y": -3.890499,
                            "z": -274.509644
                        }
                    }
                ]
            }
        ]
    },
    {
        "repeatable": false,
        "minLevel": 0,
        "maxLevel": 99,
        "maxBots": 3,
        "desirability": 15,
        "name": "House on the Hill",
        "objectives" : [
            {
                "repeatable": false,
                "minDistanceFromBot": 5,
                "maxDistanceFromBot": 500,
                "maxRunDistance": 5,
                "steps": [
                    {
                        "position" : {
                            "x": -490.8275,
                            "y": -14.5118237,
                            "z": -183.727844
                        }
                    }
                ]
            }
        ]
    },
    {
        "repeatable": false,
        "minLevel": 0,
        "maxLevel": 99,
        "maxBots": 3,
        "desirability": 15,
        "name": "Lookout",
        "objectives" : [
            {
                "repeatable": false,
                "minDistanceFromBot": 5,
                "maxDistanceFromBot": 500,
                "steps": [
                    {
                        "position" : {
                            "x": -195.208145,
                            "y": -11.3044462,
                            "z": -243.197723
                        }
                    }
                ]
            }
        ]
    },
    {
        "repeatable": false,
        "isSniping": true,
        "minLevel": 0,
        "maxLevel": 99,
        "maxBots": 3,
        "maxBotsInGroup": 1,
        "desirability": 25,
        "name": "Radio Tower",
        "objectives" : [
            {
                "repeatable": false,
                "minDistanceFromBot": 5,
                "maxDistanceFromBot": 500,
                "steps": [
                    {
                        "waitTimeAfterCompleting": 2,
                        "position" : {
                            "x": -704.9786,
                            "y": -29.4206238,
                            "z": 106.98719
                        }
                    },
                    {
                        "stepType" : "Ambush",
                        "minElapsedTime": {
                            "min": 30,
                            "max": 120
                        },
                        "position" : {
                            "x": -704.9786,
                            "y": -29.4206238,
                            "z": 106.98719
                        },
                        "lookToPosition" : {
                            "x": -602.589355,
                            "y": -49.41121,
                            "z": 215.636841
                        }
                    }
                ]
            }
        ]
    },
    {
        "repeatable": true,
        "minLevel": 0,
        "maxLevel": 99,
        "maxBots": 3,
        "desirability": 25,
        "canRunBetweenObjectives": false,
        "name": "Weather Station",
        "objectives" : [
            {
                "repeatable": true,
                "minDistanceFromBot": 5,
                "maxDistanceFromBot": 9999,
                "maxRunDistance": 4,
                "steps": [
                    {
                        "position" : {
                            "x": -515.1601,
                            "y": -25.5797958,
                            "z": 238.421341
                        }
                    },
                    {
                        "position" : {
                            "x": -512.6976,
                            "y": -25.5797958,
                            "z": 235.053925
                        }
                    }
                ]
            },
            {
                "repeatable": false,
                "minDistanceFromBot": 5,
                "maxDistanceFromBot": 9999,
                "maxRunDistance": 5,
                "steps": [
                    {
                        "position" : {
                            "x": -514.572632,
                            "y": -22.2631149,
                            "z": 237.802109
                        }
                    },
                    {
                        "position" : {
                            "x": -512.041,
                            "y": -22.2631149,
                            "z": 235.012741
                        }
                    },
                    {
                        "position" : {
                            "x": -507.538239,
                            "y": -22.2631149,
                            "z": 235.0583
                        }
                    }
                ]
            }
        ]
    },
    {
        "repeatable": false,
        "minLevel": 0,
        "maxLevel": 99,
        "maxBots": 2,
        "desirability": 10,
        "name": "Weather Station Tower Base",
        "objectives" : [
            {
                "repeatable": false,
                "minDistanceFromBot": 5,
                "maxDistanceFromBot": 200,
                "steps": [
                    {
                        "position" : {
                            "x": -509.715,
                            "y": -25.7184753,
                            "z": 269.445618
                        }
                    }
                ]
            },
            {
                "repeatable": false,
                "minDistanceFromBot": 5,
                "maxDistanceFromBot": 200,
                "maxRunDistance": 2,
                "steps": [
                    {
                        "position" : {
                            "x": -519.2476,
                            "y": -25.747282,
                            "z": 277.329376
                        }
                    }
                ]
            }
        ]
    },
    {
        "repeatable": false,
        "minLevel": 0,
        "maxLevel": 99,
        "maxBots": 2,
        "desirability": 10,
        "name": "Weather Station Shack",
        "objectives" : [
            {
                "repeatable": false,
                "minDistanceFromBot": 5,
                "maxDistanceFromBot": 200,
                "maxRunDistance": 2,
                "steps": [
                    {
                        "position" : {
                            "x": -464.609528,
                            "y": -25.3642254,
                            "z": 272.618683
                        }
                    }
                ]
            }
        ]
    },
    {
        "repeatable": true,
        "isSniping": true,
        "minLevel": 0,
        "maxLevel": 99,
        "maxBots": 2,
        "maxBotsInGroup": 1,
        "desirability": 5,
        "pmcsOnly": true,
        "name": "Weather Station Sniping",
        "objectives" : [
            {
                "repeatable": true,
                "minDistanceFromBot": 5,
                "maxDistanceFromBot": 500,
                "lootAfterCompleting": "Inhibit",
                "steps": [
                    {
                        "waitTimeAfterCompleting": 1,
                        "position" : {
                            "x": -507.4703,
                            "y": -18.4114933,
                            "z": 233.91188
                        }
                    },
                    {
                        "waitTimeAfterCompleting": 1,
                        "stepType" : "HoldAtPosition",
                        "maxDistance": 3,
                        "minElapsedTime": {
                            "min": 30,
                            "max": 120
                        },
                        "position" : {
                            "x": -507.4703,
                            "y": -18.4114933,
                            "z": 233.91188
                        }
                    },
                    {
                        "waitTimeAfterCompleting": 1,
                        "position" : {
                            "x": -515.091248,
                            "y": -18.4114933,
                            "z": 233.5884
                        }
                    },
                    {
                        "waitTimeAfterCompleting": 1,
                        "stepType" : "HoldAtPosition",
                        "maxDistance": 3,
                        "minElapsedTime": {
                            "min": 30,
                            "max": 120
                        },
                        "position" : {
                            "x": -515.091248,
                            "y": -18.4114933,
                            "z": 233.5884
                        }
                    },
                    {
                        "waitTimeAfterCompleting": 1,
                        "position" : {
                            "x": -515.7,
                            "y": -18.4114933,
                            "z": 240.200317
                        }
                    },
                    {
                        "waitTimeAfterCompleting": 1,
                        "stepType" : "HoldAtPosition",
                        "maxDistance": 3,
                        "minElapsedTime": {
                            "min": 30,
                            "max": 120
                        },
                        "position" : {
                            "x": -515.7,
                            "y": -18.4114933,
                            "z": 240.200317
                        }
                    },
                    {
                        "waitTimeAfterCompleting": 1,
                        "position" : {
                            "x": -507.334229,
                            "y": -18.4114933,
                            "z": 240.7184
                        }
                    },
                    {
                        "waitTimeAfterCompleting": 1,
                        "stepType" : "HoldAtPosition",
                        "maxDistance": 3,
                        "minElapsedTime": {
                            "min": 30,
                            "max": 120
                        },
                        "position" : {
                            "x": -507.334229,
                            "y": -18.4114933,
                            "z": 240.7184
                        }
                    }
                ]
            }
        ]
    },
    {
        "repeatable": true,
        "isSniping": true,
        "minLevel": 0,
        "maxLevel": 99,
        "maxBots": 2,
        "maxBotsInGroup": 1,
        "desirability": 5,
        "pmcsOnly": true,
        "name": "Weather Station Tower Sniping",
        "objectives" : [
            {
                "repeatable": true,
                "minDistanceFromBot": 5,
                "maxDistanceFromBot": 500,
                "lootAfterCompleting": "Inhibit",
                "steps": [
                    {
                        "waitTimeAfterCompleting": 1,
                        "position" : {
                            "x": -506.6017,
                            "y": -9.915512,
                            "z": 258.602417
                        }
                    },
                    {
                        "waitTimeAfterCompleting": 1,
                        "stepType" : "HoldAtPosition",
                        "maxDistance": 3,
                        "minElapsedTime": {
                            "min": 30,
                            "max": 120
                        },
                        "position" : {
                            "x": -506.6017,
                            "y": -9.915512,
                            "z": 258.602417
                        }
                    },
                    {
                        "waitTimeAfterCompleting": 1,
                        "position" : {
                            "x": -516.2614,
                            "y": -9.91551,
                            "z": 258.125366
                        }
                    },
                    {
                        "waitTimeAfterCompleting": 1,
                        "stepType" : "HoldAtPosition",
                        "maxDistance": 3,
                        "minElapsedTime": {
                            "min": 30,
                            "max": 120
                        },
                        "position" : {
                            "x": -516.2614,
                            "y": -9.91551,
                            "z": 258.125366
                        }
                    },
                    {
                        "waitTimeAfterCompleting": 1,
                        "position" : {
                            "x": -506.998352,
                            "y": -9.915513,
                            "z": 267.924469
                        }
                    },
                    {
                        "waitTimeAfterCompleting": 1,
                        "stepType" : "HoldAtPosition",
                        "maxDistance": 3,
                        "minElapsedTime": {
                            "min": 30,
                            "max": 120
                        },
                        "position" : {
                            "x": -506.998352,
                            "y": -9.915513,
                            "z": 267.924469
                        }
                    },
                    {
                        "waitTimeAfterCompleting": 1,
                        "position" : {
                            "x": -516.012939,
                            "y": -9.915513,
                            "z": 267.982117
                        }
                    },
                    {
                        "waitTimeAfterCompleting": 1,
                        "stepType" : "HoldAtPosition",
                        "maxDistance": 3,
                        "minElapsedTime": {
                            "min": 30,
                            "max": 120
                        },
                        "position" : {
                            "x": -516.012939,
                            "y": -9.915513,
                            "z": 267.982117
                        }
                    }
                ]
            }
        ]
    },
    {
        "repeatable": false,
        "minLevel": 0,
        "maxLevel": 99,
        "maxBots": 3,
        "desirability": 25,
        "name": "Sunken House",
        "objectives" : [
            {
                "repeatable": false,
                "minDistanceFromBot": 5,
                "maxDistanceFromBot": 300,
                "steps": [
                    {
                        "position" : {
                            "x": -726.10144,
                            "y": -45.95984,
                            "z": 257.5394
                        }
                    }
                ]
            }
        ]
    },
    {
        "repeatable": true,
        "isSniping": true,
        "minLevel": 0,
        "maxLevel": 99,
        "maxBots": 3,
        "maxBotsInGroup": 1,
        "desirability": 25,
        "pmcsOnly": true,
        "name": "Crane Sniping",
        "objectives" : [
            {
                "repeatable": true,
                "minDistanceFromBot": 5,
                "maxDistanceFromBot": 500,
                "lootAfterCompleting": "Inhibit",
                "steps": [
                    {
                        "waitTimeAfterCompleting": 1,
                        "position" : {
                            "x": -720.9366,
                            "y": -49.0736122,
                            "z": 427.01413
                        }
                    },
                    {
                        "waitTimeAfterCompleting": 1,
                        "stepType" : "HoldAtPosition",
                        "maxDistance": 5,
                        "minElapsedTime": {
                            "min": 30,
                            "max": 120
                        },
                        "position" : {
                            "x": -720.9366,
                            "y": -49.0736122,
                            "z": 427.01413
                        }
                    }
                ]
            },
            {
                "repeatable": true,
                "minDistanceFromBot": 5,
                "maxDistanceFromBot": 500,
                "lootAfterCompleting": "Inhibit",
                "steps": [
                    {
                        "waitTimeAfterCompleting": 1,
                        "position" : {
                            "x": -678.0051,
                            "y": -53.016346,
                            "z": 428.203156
                        }
                    },
                    {
                        "stepType" : "Ambush",
                        "minElapsedTime": {
                            "min": 30,
                            "max": 120
                        },
                        "position" : {
                            "x": -678.0051,
                            "y": -53.016346,
                            "z": 428.203156
                        },
                        "lookToPosition" : {
                            "x": -634.928345,
                            "y": -59.7554741,
                            "z": 463.0604
                        }
                    }
                ]
            },
            {
                "repeatable": true,
                "minDistanceFromBot": 5,
                "maxDistanceFromBot": 500,
                "lootAfterCompleting": "Inhibit",
                "steps": [
                    {
                        "waitTimeAfterCompleting": 1,
                        "position" : {
                            "x": -558.468567,
                            "y": -50.79991,
                            "z": 393.089081
                        }
                    },
                    {
                        "stepType" : "Ambush",
                        "minElapsedTime": {
                            "min": 30,
                            "max": 120
                        },
                        "position" : {
                            "x": -558.468567,
                            "y": -50.79991,
                            "z": 393.089081
                        },
                        "lookToPosition" : {
                            "x": -497.02066,
                            "y": -59.7554741,
                            "z": 457.726227
                        }
                    }
                ]
            },
            {
                "repeatable": true,
                "minDistanceFromBot": 5,
                "maxDistanceFromBot": 500,
                "lootAfterCompleting": "Inhibit",
                "steps": [
                    {
                        "waitTimeAfterCompleting": 1,
                        "position" : {
                            "x": -468.5424,
                            "y": -54.0254745,
                            "z": 432.375671
                        }
                    },
                    {
                        "stepType" : "Ambush",
                        "minElapsedTime": {
                            "min": 30,
                            "max": 120
                        },
                        "position" : {
                            "x": -468.5424,
                            "y": -54.0254745,
                            "z": 432.375671
                        },
                        "lookToPosition" : {
                            "x": -577.9696,
                            "y": -59.6721649,
                            "z": 484.490051
                        }
                    }
                ]
            }
        ]
    },
    {
        "repeatable": true,
        "minLevel": 0,
        "maxLevel": 99,
        "maxBots": 3,
        "desirability": 25,
        "name": "Crane",
        "objectives" : [
            {
                "repeatable": false,
                "minDistanceFromBot": 5,
                "maxDistanceFromBot": 300,
                "maxRunDistance": 5,
                "steps": [
                    {
                        "position" : {
                            "x": -641.066,
                            "y": -59.64817,
                            "z": 471.82132
                        }
                    }
                ]
            },
            {
                "repeatable": true,
                "minDistanceFromBot": 5,
                "maxDistanceFromBot": 300,
                "maxRunDistance": 5,
                "steps": [
                    {
                        "position" : {
                            "x": -576.9817,
                            "y": -59.67396,
                            "z": 468.985138
                        }
                    }
                ]
            }
        ]
    },
    {
        "repeatable": true,
        "isSniping": true,
        "minLevel": 0,
        "maxLevel": 99,
        "maxBots": 3,
        "maxBotsInGroup": 1,
        "desirability": 25,
        "pmcsOnly": true,
        "name": "Pier Sniping",
        "objectives" : [
            {
                "repeatable": true,
                "minDistanceFromBot": 5,
                "maxDistanceFromBot": 1000,
                "lootAfterCompleting": "Inhibit",
                "steps": [
                    {
                        "waitTimeAfterCompleting": 1,
                        "position" : {
                            "x": -353.026,
                            "y": -54.2789955,
                            "z": 428.263672
                        }
                    },
                    {
                        "stepType" : "Ambush",
                        "minElapsedTime": {
                            "min": 30,
                            "max": 120
                        },
                        "position" : {
                            "x": -353.026,
                            "y": -54.2789955,
                            "z": 428.263672
                        },
                        "lookToPosition" : {
                            "x": -268.771942,
                            "y": -59.9179153,
                            "z": 457.929565
                        }
                    }
                ]
            },
            {
                "repeatable": true,
                "minDistanceFromBot": 5,
                "maxDistanceFromBot": 1000,
                "lootAfterCompleting": "Inhibit",
                "steps": [
                    {
                        "waitTimeAfterCompleting": 1,
                        "position" : {
                            "x": -310.985535,
                            "y": -52.587326,
                            "z": 416.573578
                        }
                    },
                    {
                        "stepType" : "HoldAtPosition",
                        "maxDistance": 5,
                        "minElapsedTime": {
                            "min": 45,
                            "max": 180
                        },
                        "position" : {
                            "x": -310.985535,
                            "y": -52.587326,
                            "z": 416.573578
                        }
                    }
                ]
            }
        ]
    },
    {
        "repeatable": true,
        "minLevel": 0,
        "maxLevel": 99,
        "maxBots": 3,
        "desirability": 25,
        "canRunBetweenObjectives": false,
        "name": "Pier",
        "objectives" : [
            {
                "repeatable": true,
                "minDistanceFromBot": 5,
                "maxDistanceFromBot": 1000,
                "maxRunDistance": 4,
                "steps": [
                    {
                        "position" : {
                            "x": -313.453156,
                            "y": -61.63989,
                            "z": 486.136749
                        }
                    }
                ]
            },
            {
                "repeatable": false,
                "minDistanceFromBot": 5,
                "maxDistanceFromBot": 1000,
                "maxRunDistance": 10,
                "steps": [
                    {
                        "position" : {
                            "x": -312.860748,
                            "y": -57.6273155,
                            "z": 479.396729
                        }
                    }
                ]
            },
            {
                "repeatable": false,
                "minDistanceFromBot": 5,
                "maxDistanceFromBot": 1000,
                "maxRunDistance": 9,
                "steps": [
                    {
                        "position" : {
                            "x": -324.293,
                            "y": -57.62731,
                            "z": 487.936432
                        }
                    }
                ]
            }
        ]
    },
    {
        "repeatable": false,
        "minLevel": 0,
        "maxLevel": 99,
        "maxBots": 1,
        "desirability": 5,
        "canRunBetweenObjectives": false,
        "name": "Lighthouse",
        "objectives" : [
            {
                "repeatable": false,
                "minDistanceFromBot": 5,
                "maxDistanceFromBot": 300,
                "steps": [
                    {
                        "position" : {
                            "x": -459.269958,
                            "y": -60.074337,
                            "z": 565.75415
                        }
                    }
                ]
            }
        ]
    },
    {
        "repeatable": true,
        "isSniping": true,
        "minLevel": 0,
        "maxLevel": 99,
        "maxBots": 3,
        "maxBotsInGroup": 1,
        "desirability": 25,
        "pmcsOnly": true,
        "name": "Gas Station Sniping 2",
        "objectives" : [
            {
                "repeatable": true,
                "minDistanceFromBot": 5,
                "maxDistanceFromBot": 1000,
                "lootAfterCompleting": "Inhibit",
                "steps": [
                    {
                        "waitTimeAfterCompleting": 1,
                        "position" : {
                            "x": -285.980225,
                            "y": -50.28832,
                            "z": 361.8584
                        }
                    },
                    {
                        "stepType" : "HoldAtPosition",
                        "maxDistance": 5,
                        "minElapsedTime": {
                            "min": 45,
                            "max": 180
                        },
                        "position" : {
                            "x": -285.980225,
                            "y": -50.28832,
                            "z": 361.8584
                        }
                    }
                ]
            },
            {
                "repeatable": true,
                "minDistanceFromBot": 5,
                "maxDistanceFromBot": 1000,
                "lootAfterCompleting": "Inhibit",
                "steps": [
                    {
                        "waitTimeAfterCompleting": 1,
                        "position" : {
                            "x": -266.174225,
                            "y": -51.08751,
                            "z": 343.401855
                        }
                    },
                    {
                        "stepType" : "Ambush",
                        "minElapsedTime": {
                            "min": 30,
                            "max": 120
                        },
                        "position" : {
                            "x": -266.174225,
                            "y": -51.08751,
                            "z": 343.401855
                        },
                        "lookToPosition" : {
                            "x": -229.4804,
                            "y": -55.83861,
                            "z": 397.7566
                        }
                    }
                ]
            }
        ]
    },
    {
        "repeatable": true,
        "minLevel": 0,
        "maxLevel": 99,
        "maxBots": 3,
        "desirability": 25,
        "name": "Tank on Bridge",
        "objectives" : [
            {
                "repeatable": true,
                "minDistanceFromBot": 5,
                "maxDistanceFromBot": 300,
                "maxRunDistance": 3,
                "steps": [
                    {
                        "position" : {
                            "x": -353.6474,
                            "y": -43.5160942,
                            "z": 188.237335
                        }
                    }
                ]
            }
        ]
    },
    {
        "repeatable": true,
        "isSniping": true,
        "minLevel": 0,
        "maxLevel": 99,
        "maxBots": 3,
        "maxBotsInGroup": 1,
        "desirability": 25,
        "pmcsOnly": true,
        "name": "Power Station Sniping",
        "objectives" : [
            {
                "repeatable": true,
                "minDistanceFromBot": 5,
                "maxDistanceFromBot": 1000,
                "lootAfterCompleting": "Inhibit",
                "steps": [
                    {
                        "waitTimeAfterCompleting": 1,
                        "position" : {
                            "x": -278.6216,
                            "y": -34.48316,
                            "z": 160.923218
                        }
                    },
                    {
                        "stepType" : "Ambush",
                        "minElapsedTime": {
                            "min": 30,
                            "max": 120
                        },
                        "position" : {
                            "x": -278.6216,
                            "y": -34.48316,
                            "z": 160.923218
                        },
                        "lookToPosition" : {
                            "x": -226.108521,
                            "y": -41.0081367,
                            "z": 179.2742
                        }
                    }
                ]
            },
            {
                "repeatable": true,
                "minDistanceFromBot": 5,
                "maxDistanceFromBot": 1000,
                "lootAfterCompleting": "Inhibit",
                "steps": [
                    {
                        "waitTimeAfterCompleting": 1,
                        "position" : {
                            "x": -278.098572,
                            "y": -34.499382,
                            "z": 177.5227
                        }
                    },
                    {
                        "stepType" : "Ambush",
                        "minElapsedTime": {
                            "min": 30,
                            "max": 90
                        },
                        "position" : {
                            "x": -278.098572,
                            "y": -34.499382,
                            "z": 177.5227
                        },
                        "lookToPosition" : {
                            "x": -233.025085,
                            "y": -29.7784,
                            "z": 189.1009
                        }
                    }
                ]
            },
            {
                "repeatable": true,
                "minDistanceFromBot": 5,
                "maxDistanceFromBot": 1000,
                "lootAfterCompleting": "Inhibit",
                "steps": [
                    {
                        "waitTimeAfterCompleting": 1,
                        "position" : {
                            "x": -280.382629,
                            "y": -33.8410568,
                            "z": 200.533417
                        }
                    },
                    {
                        "stepType" : "Ambush",
                        "minElapsedTime": {
                            "min": 30,
                            "max": 120
                        },
                        "position" : {
                            "x": -280.382629,
                            "y": -33.8410568,
                            "z": 200.533417
                        },
                        "lookToPosition" : {
                            "x": -233.9463,
                            "y": -41.0081367,
                            "z": 169.683578
                        }
                    }
                ]
            }
        ]
    },
    {
        "repeatable": true,
        "minLevel": 0,
        "maxLevel": 99,
        "maxBots": 3,
        "desirability": 20,
        "name": "Lighthouse Extract Sniper Area",
        "objectives" : [
            {
                "repeatable": true,
                "minDistanceFromBot": 5,
                "maxDistanceFromBot": 500,
                "steps": [
                    {
                        "position" : {
                            "x": 191.999329,
                            "y": -38.8647423,
                            "z": -270.114868
                        }
                    }
                ]
            }
        ]
    },
    {
        "repeatable": true,
        "isSniping": true,
        "minLevel": 0,
        "maxLevel": 99,
        "maxBots": 3,
        "maxBotsInGroup": 1,
        "desirability": 20,
        "pmcsOnly": true,
        "name": "Lighthouse Extract Sniper Area Sniping",
        "objectives" : [
            {
                "repeatable": true,
                "minDistanceFromBot": 5,
                "maxDistanceFromBot": 500,
                "lootAfterCompleting": "Inhibit",
                "steps": [
                    {
                        "waitTimeAfterCompleting": 1,
                        "position" : {
                            "x": 95.1654053,
                            "y": -30.4438629,
                            "z": -236.914566
                        }
                    },
                    {
                        "stepType" : "HoldAtPosition",
                        "maxDistance": 5,
                        "minElapsedTime": {
                            "min": 45,
                            "max": 180
                        },
                        "position" : {
                            "x": 95.1654053,
                            "y": -30.4438629,
                            "z": -236.914566
                        }
                    }
                ]
            },
            {
                "repeatable": true,
                "minDistanceFromBot": 5,
                "maxDistanceFromBot": 500,
                "lootAfterCompleting": "Inhibit",
                "steps": [
                    {
                        "waitTimeAfterCompleting": 1,
                        "position" : {
                            "x": 113.985947,
                            "y": -32.2889481,
                            "z": -267.101257
                        }
                    },
                    {
                        "stepType" : "HoldAtPosition",
                        "maxDistance": 5,
                        "minElapsedTime": {
                            "min": 45,
                            "max": 180
                        },
                        "position" : {
                            "x": 113.985947,
                            "y": -32.2889481,
                            "z": -267.101257
                        }
                    }
                ]
            }
        ]
    },
    {
        "repeatable": true,
        "minLevel": 0,
        "maxLevel": 99,
        "maxBots": 3,
        "desirability": 25,
        "canRunBetweenObjectives": false,
        "name": "Bus Terminal",
        "objectives" : [
            {
                "repeatable": true,
                "minDistanceFromBot": 5,
                "maxDistanceFromBot": 750,
                "steps": [
                    {
                        "position" : {
                            "x": -144.191727,
                            "y": -21.8832932,
                            "z": 10.2276621
                        }
                    }
                ]
            },
            {
                "repeatable": false,
                "minDistanceFromBot": 5,
                "maxDistanceFromBot": 750,
                "maxRunDistance": 5,
                "steps": [
                    {
                        "position" : {
                            "x": -128.711777,
                            "y": -21.66043,
                            "z": -19.70254
                        }
                    },
                    {
                        "position" : {
                            "x": -129.552048,
                            "y": -21.6604328,
                            "z": -9.973942
                        }
                    },
                    {
                        "position" : {
                            "x": -122.550819,
                            "y": -21.65224,
                            "z": -9.551044
                        }
                    }
                ]
            },
            {
                "repeatable": false,
                "minDistanceFromBot": 5,
                "maxDistanceFromBot": 750,
                "maxRunDistance": 5,
                "steps": [
                    {
                        "position" : {
                            "x": -124.453461,
                            "y": -21.66043,
                            "z": -20.2967682
                        }
                    },
                    {
                        "position" : {
                            "x": -122.643539,
                            "y": -21.6604328,
                            "z": -17.638958
                        }
                    }
                ]
            }
        ]
    },
    {
        "repeatable": true,
        "isSniping": true,
        "minLevel": 0,
        "maxLevel": 99,
        "maxBots": 3,
        "maxBotsInGroup": 1,
        "desirability": 25,
        "pmcsOnly": true,
        "name": "Power Station Sniping 2",
        "objectives" : [
            {
                "repeatable": true,
                "minDistanceFromBot": 5,
                "maxDistanceFromBot": 1000,
                "lootAfterCompleting": "Inhibit",
                "steps": [
                    {
                        "waitTimeAfterCompleting": 1,
                        "position" : {
                            "x": -161.714417,
                            "y": -33.0074844,
                            "z": 113.193726
                        }
                    },
                    {
                        "stepType" : "Ambush",
                        "minElapsedTime": {
                            "min": 45,
                            "max": 180
                        },
                        "position" : {
                            "x": -161.714417,
                            "y": -33.0074844,
                            "z": 113.193726
                        },
                        "lookToPosition" : {
                            "x": -230.442017,
                            "y": -41.01535,
                            "z": 179.114532
                        }
                    }
                ]
            }
        ]
    },
    {
        "repeatable": true,
        "isSniping": true,
        "minLevel": 0,
        "maxLevel": 99,
        "maxBots": 3,
        "maxBotsInGroup": 1,
        "desirability": 15,
        "pmcsOnly": true,
        "name": "Resort Sniping",
        "objectives" : [
            {
                "repeatable": true,
                "minDistanceFromBot": 5,
                "maxDistanceFromBot": 1000,
                "lootAfterCompleting": "Inhibit",
                "steps": [
                    {
                        "waitTimeAfterCompleting": 1,
                        "position" : {
                            "x": -197.137527,
                            "y": -17.7130928,
                            "z": 21.7219524
                        }
                    },
                    {
                        "stepType" : "Ambush",
                        "minElapsedTime": {
                            "min": 45,
                            "max": 180
                        },
                        "position" : {
                            "x": -197.137527,
                            "y": -17.7130928,
                            "z": 21.7219524
                        },
                        "lookToPosition" : {
                            "x": -206.055222,
                            "y": -40.0130348,
                            "z": 145.1003
                        }
                    },
                    {
                        "waitTimeAfterCompleting": 1,
                        "position" : {
                            "x": -210.511063,
                            "y": -17.7130928,
                            "z": 22.3149776
                        }
                    },
                    {
                        "stepType" : "Ambush",
                        "minElapsedTime": {
                            "min": 45,
                            "max": 180
                        },
                        "position" : {
                            "x": -210.511063,
                            "y": -17.7130928,
                            "z": 22.3149776
                        },
                        "lookToPosition" : {
                            "x": -206.055222,
                            "y": -40.0130348,
                            "z": 145.1003
                        }
                    }
                ]
            }
        ]
    },
    {
        "repeatable": false,
        "minLevel": 0,
        "maxLevel": 99,
        "maxBots": 3,
        "desirability": 20,
        "canRunBetweenObjectives": false,
        "name": "Power Station",
        "objectives" : [
            {
                "repeatable": false,
                "minDistanceFromBot": 5,
                "maxDistanceFromBot": 500,
                "maxRunDistance": 7,
                "steps": [
                    {
                        "position" : {
                            "x": -221.07724,
                            "y": -34.724556,
                            "z": 188.985474
                        }
                    }
                ]
            },
            {
                "repeatable": false,
                "minDistanceFromBot": 5,
                "maxDistanceFromBot": 500,
                "maxRunDistance": 5,
                "steps": [
                    {
                        "position" : {
                            "x": -239.604614,
                            "y": -40.6636543,
                            "z": 188.632187
                        }
                    }
                ]
            },
            {
                "repeatable": false,
                "minDistanceFromBot": 5,
                "maxDistanceFromBot": 500,
                "maxRunDistance": 5,
                "steps": [
                    {
                        "position" : {
                            "x": -240.899338,
                            "y": -40.66365,
                            "z": 201.600082
                        }
                    }
                ]
            }
        ]
    },
    {
        "repeatable": false,
        "minLevel": 0,
        "maxLevel": 99,
        "maxBots": 2,
        "desirability": 5,
        "name": "Fountain",
        "objectives" : [
            {
                "repeatable": false,
                "minDistanceFromBot": 5,
                "maxDistanceFromBot": 300,
                "steps": [
                    {
                        "position" : {
                            "x": -418.7227,
                            "y": -20.5509319,
                            "z": -239.818024
                        }
                    },
                    {
                        "position" : {
                            "x": -416.723022,
                            "y": -20.55093,
                            "z": -248.51796
                        }
                    }
                ]
            }
        ]
    },
    {
        "repeatable": false,
        "minLevel": 0,
        "maxLevel": 99,
        "maxBots": 2,
        "desirability": 5,
        "name": "Gazebo",
        "objectives" : [
            {
                "repeatable": false,
                "minDistanceFromBot": 5,
                "maxDistanceFromBot": 300,
                "steps": [
                    {
                        "position" : {
                            "x": -328.780151,
                            "y": -15.0998449,
                            "z": -254.582886
                        }
                    }
                ]
            }
        ]
    },
    {
        "repeatable": true,
        "minLevel": 0,
        "maxLevel": 99,
        "maxBots": 3,
        "desirability": 10,
        "name": "Helicoperter Shack",
        "objectives" : [
            {
                "repeatable": true,
                "minDistanceFromBot": 5,
                "maxDistanceFromBot": 750,
                "maxRunDistance": 4,
                "steps": [
                    {
                        "position" : {
                            "x": -263.306519,
                            "y": -5.01065063,
                            "z": -33.41149
                        }
                    }
                ]
            }
        ]
    },
    {
        "repeatable": true,
        "minLevel": 0,
        "maxLevel": 99,
        "maxBots": 3,
        "desirability": 15,
        "name": "Resort West Wing Basement",
        "objectives" : [
            {
                "repeatable": true,
                "minDistanceFromBot": 5,
                "maxDistanceFromBot": 9999,
                "maxRunDistance": 7,
                "steps": [
                    {
                        "position" : {
                            "x": -232.405167,
                            "y": -6.99130058,
                            "z": -91.79933
                        }
                    }
                ]
            }
        ]
    },
    {
        "repeatable": false,
        "minLevel": 0,
        "maxLevel": 99,
        "maxBots": 3,
        "desirability": 30,
        "canRunBetweenObjectives": false,
        "name": "Resort West Wing 1st Floor",
        "objectives" : [
            {
                "repeatable": false,
                "minDistanceFromBot": 5,
                "maxDistanceFromBot": 9999,
                "maxRunDistance": 7,
                "steps": [
                    {
                        "position" : {
                            "x": -187.5594,
                            "y": -3.74104571,
                            "z": -88.01558
                        }
                    }
                ]
            },
            {
                "repeatable": false,
                "minDistanceFromBot": 5,
                "maxDistanceFromBot": 9999,
                "maxRunDistance": 7,
                "steps": [
                    {
                        "position" : {
                            "x": -181.299,
                            "y": -3.74103856,
                            "z": -76.69545
                        }
                    }
                ]
            },
            {
                "repeatable": false,
                "minDistanceFromBot": 5,
                "maxDistanceFromBot": 9999,
                "maxRunDistance": 6,
                "steps": [
                    {
                        "position" : {
                            "x": -157.6492,
                            "y": -3.741041,
                            "z": -89.08221
                        }
                    }
                ]
            },
            {
                "repeatable": false,
                "minDistanceFromBot": 5,
                "maxDistanceFromBot": 9999,
                "maxRunDistance": 6,
                "steps": [
                    {
                        "position" : {
                            "x": -143.52034,
                            "y": -3.74103165,
                            "z": -75.10444
                        }
                    }
                ]
            }
        ]
    },
    {
        "repeatable": false,
        "minLevel": 0,
        "maxLevel": 99,
        "maxBots": 3,
        "desirability": 20,
        "canRunBetweenObjectives": false,
        "name": "Resort West Wing 2nd Floor",
        "objectives" : [
            {
                "repeatable": false,
                "minDistanceFromBot": 5,
                "maxDistanceFromBot": 9999,
                "maxRunDistance": 9,
                "steps": [
                    {
                        "position" : {
                            "x": -166.063889,
                            "y": -0.841046,
                            "z": -77.14525
                        }
                    }
                ]
            },
            {
                "repeatable": false,
                "minDistanceFromBot": 5,
                "maxDistanceFromBot": 9999,
                "maxRunDistance": 9,
                "steps": [
                    {
                        "position" : {
                            "x": -172.8375,
                            "y": -0.8410468,
                            "z": -76.36226
                        }
                    }
                ]
            },
            {
                "repeatable": false,
                "minDistanceFromBot": 5,
                "maxDistanceFromBot": 9999,
                "maxRunDistance": 9,
                "steps": [
                    {
                        "position" : {
                            "x": -179.807083,
                            "y": -0.8410479,
                            "z": -76.19767
                        }
                    }
                ]
            },
            {
                "repeatable": false,
                "minDistanceFromBot": 5,
                "maxDistanceFromBot": 9999,
                "maxRunDistance": 9,
                "steps": [
                    {
                        "position" : {
                            "x": -170.999146,
                            "y": -0.8410535,
                            "z": -89.5319443
                        }
                    }
                ]
            },
            {
                "repeatable": false,
                "minDistanceFromBot": 5,
                "maxDistanceFromBot": 9999,
                "maxRunDistance": 9,
                "steps": [
                    {
                        "position" : {
                            "x": -165.143127,
                            "y": -0.8410522,
                            "z": -88.87021
                        }
                    }
                ]
            },
            {
                "repeatable": false,
                "minDistanceFromBot": 5,
                "maxDistanceFromBot": 9999,
                "maxRunDistance": 9,
                "steps": [
                    {
                        "position" : {
                            "x": -229.643677,
                            "y": -0.8410611,
                            "z": -88.45231
                        }
                    }
                ]
            },
            {
                "repeatable": false,
                "minDistanceFromBot": 5,
                "maxDistanceFromBot": 9999,
                "maxRunDistance": 9,
                "steps": [
                    {
                        "position" : {
                            "x": -221.910614,
                            "y": -0.841059744,
                            "z": -88.35719
                        }
                    }
                ]
            }
        ]
    },
    {
        "repeatable": false,
        "minLevel": 0,
        "maxLevel": 99,
        "maxBots": 3,
        "desirability": 20,
        "canRunBetweenObjectives": false,
        "name": "Resort West Wing 3rd Floor",
        "objectives" : [
            {
                "repeatable": false,
                "minDistanceFromBot": 5,
                "maxDistanceFromBot": 9999,
                "maxRunDistance": 12,
                "steps": [
                    {
                        "position" : {
                            "x": -159.285065,
                            "y": 2.052008,
                            "z": -77.45637
                        }
                    }
                ]
            },
            {
                "repeatable": false,
                "minDistanceFromBot": 5,
                "maxDistanceFromBot": 9999,
                "maxRunDistance": 12,
                "steps": [
                    {
                        "position" : {
                            "x": -165.337646,
                            "y": 2.05200028,
                            "z": -87.7499161
                        }
                    }
                ]
            },
            {
                "repeatable": false,
                "minDistanceFromBot": 5,
                "maxDistanceFromBot": 9999,
                "maxRunDistance": 10,
                "steps": [
                    {
                        "position" : {
                            "x": -196.02124,
                            "y": 2.05200267,
                            "z": -76.03062
                        }
                    }
                ]
            },
            {
                "repeatable": false,
                "minDistanceFromBot": 5,
                "maxDistanceFromBot": 9999,
                "maxRunDistance": 10,
                "steps": [
                    {
                        "position" : {
                            "x": -216.621948,
                            "y": 2.05199385,
                            "z": -88.08289
                        }
                    }
                ]
            },
            {
                "repeatable": false,
                "minDistanceFromBot": 5,
                "maxDistanceFromBot": 9999,
                "maxRunDistance": 10,
                "steps": [
                    {
                        "position" : {
                            "x": -223.300217,
                            "y": 2.05198288,
                            "z": -101.613777
                        }
                    }
                ]
            },
            {
                "repeatable": false,
                "minDistanceFromBot": 5,
                "maxDistanceFromBot": 9999,
                "maxRunDistance": 10,
                "steps": [
                    {
                        "position" : {
                            "x": -227.420212,
                            "y": 2.051982,
                            "z": -102.09433
                        }
                    }
                ]
            }
        ]
    },
    {
        "repeatable": false,
        "minLevel": 0,
        "maxLevel": 99,
        "maxBots": 3,
        "desirability": 10,
        "name": "Resort Main Basement",
        "objectives" : [
            {
                "repeatable": false,
                "minDistanceFromBot": 5,
                "maxDistanceFromBot": 9999,
                "maxRunDistance": 15,
                "steps": [
                    {
                        "position" : {
                            "x": -254.959808,
                            "y": -7.0962925,
                            "z": -144.880447
                        }
                    }
                ]
            }
        ]
    },
    {
        "repeatable": false,
        "minLevel": 0,
        "maxLevel": 99,
        "maxBots": 3,
        "desirability": 10,
        "name": "Resort Main 1st Floor",
        "objectives" : [
            {
                "repeatable": false,
                "minDistanceFromBot": 5,
                "maxDistanceFromBot": 9999,
                "maxRunDistance": 18,
                "steps": [
                    {
                        "position" : {
                            "x": -252.661209,
                            "y": -0.886289954,
                            "z": -147.8447
                        }
                    }
                ]
            }
        ]
    },
    {
        "repeatable": false,
        "minLevel": 0,
        "maxLevel": 99,
        "maxBots": 3,
        "desirability": 20,
        "canRunBetweenObjectives": false,
        "name": "Resort Main 2nd Floor",
        "objectives" : [
            {
                "repeatable": false,
                "minDistanceFromBot": 5,
                "maxDistanceFromBot": 9999,
                "maxRunDistance": 6,
                "steps": [
                    {
                        "position" : {
                            "x": -267.643127,
                            "y": -0.7862999,
                            "z": -147.012009
                        }
                    }
                ]
            },
            {
                "repeatable": false,
                "minDistanceFromBot": 5,
                "maxDistanceFromBot": 9999,
                "maxRunDistance": 9,
                "steps": [
                    {
                        "position" : {
                            "x": -263.906769,
                            "y": -0.7862993,
                            "z": -149.974808
                        }
                    }
                ]
            },
            {
                "repeatable": false,
                "minDistanceFromBot": 5,
                "maxDistanceFromBot": 9999,
                "maxRunDistance": 6,
                "steps": [
                    {
                        "position" : {
                            "x": -272.713531,
                            "y": -0.7862992,
                            "z": -132.260712
                        }
                    }
                ]
            },
            {
                "repeatable": false,
                "minDistanceFromBot": 5,
                "maxDistanceFromBot": 9999,
                "maxRunDistance": 5,
                "steps": [
                    {
                        "position" : {
                            "x": -249.263168,
                            "y": -0.786291957,
                            "z": -128.359177
                        }
                    }
                ]
            },
            {
                "repeatable": false,
                "minDistanceFromBot": 5,
                "maxDistanceFromBot": 9999,
                "maxRunDistance": 9,
                "steps": [
                    {
                        "position" : {
                            "x": -242.1363,
                            "y": -0.786298633,
                            "z": -152.1225
                        }
                    }
                ]
            },
            {
                "repeatable": false,
                "minDistanceFromBot": 5,
                "maxDistanceFromBot": 9999,
                "maxRunDistance": 9,
                "steps": [
                    {
                        "position" : {
                            "x": -237.880157,
                            "y": -0.7862951,
                            "z": -134.623383
                        }
                    }
                ]
            }
        ]
    },
    {
        "repeatable": false,
        "minLevel": 0,
        "maxLevel": 99,
        "maxBots": 3,
        "desirability": 20,
        "canRunBetweenObjectives": false,
        "name": "Resort East Wing 1st Floor",
        "objectives" : [
            {
                "repeatable": false,
                "minDistanceFromBot": 5,
                "maxDistanceFromBot": 9999,
                "maxRunDistance": 7,
                "steps": [
                    {
                        "position" : {
                            "x": -323.113922,
                            "y": -3.74104452,
                            "z": -76.694664
                        }
                    }
                ]
            },
            {
                "repeatable": false,
                "minDistanceFromBot": 5,
                "maxDistanceFromBot": 9999,
                "maxRunDistance": 8,
                "steps": [
                    {
                        "position" : {
                            "x": -326.908234,
                            "y": -3.74104452,
                            "z": -78.0097
                        }
                    }
                ]
            }
        ]
    },
    {
        "repeatable": false,
        "minLevel": 0,
        "maxLevel": 99,
        "maxBots": 3,
        "desirability": 20,
        "canRunBetweenObjectives": false,
        "name": "Resort East Wing 2nd Floor",
        "objectives" : [
            {
                "repeatable": false,
                "minDistanceFromBot": 5,
                "maxDistanceFromBot": 9999,
                "maxRunDistance": 10,
                "steps": [
                    {
                        "position" : {
                            "x": -286.572662,
                            "y": -0.841054738,
                            "z": -88.4471
                        }
                    }
                ]
            },
            {
                "repeatable": false,
                "minDistanceFromBot": 5,
                "maxDistanceFromBot": 9999,
                "maxRunDistance": 8,
                "steps": [
                    {
                        "position" : {
                            "x": -295.8464,
                            "y": -0.8410539,
                            "z": -96.818985
                        }
                    }
                ]
            },
            {
                "repeatable": false,
                "minDistanceFromBot": 5,
                "maxDistanceFromBot": 9999,
                "maxRunDistance": 9,
                "steps": [
                    {
                        "position" : {
                            "x": -307.0522,
                            "y": -0.84105283,
                            "z": -89.01459
                        }
                    }
                ]
            },
            {
                "repeatable": false,
                "minDistanceFromBot": 5,
                "maxDistanceFromBot": 9999,
                "maxRunDistance": 9,
                "steps": [
                    {
                        "position" : {
                            "x": -313.07016,
                            "y": -0.8410529,
                            "z": -88.49994
                        }
                    }
                ]
            },
            {
                "repeatable": false,
                "minDistanceFromBot": 5,
                "maxDistanceFromBot": 9999,
                "maxRunDistance": 9,
                "steps": [
                    {
                        "position" : {
                            "x": -331.3484,
                            "y": -0.8410544,
                            "z": -76.2569
                        }
                    }
                ]
            },
            {
                "repeatable": false,
                "minDistanceFromBot": 5,
                "maxDistanceFromBot": 9999,
                "maxRunDistance": 9,
                "steps": [
                    {
                        "position" : {
                            "x": -342.813843,
                            "y": -0.841052949,
                            "z": -88.14022
                        }
                    }
                ]
            },
            {
                "repeatable": false,
                "minDistanceFromBot": 5,
                "maxDistanceFromBot": 9999,
                "maxRunDistance": 9,
                "steps": [
                    {
                        "position" : {
                            "x": -338.8268,
                            "y": -0.841052949,
                            "z": -88.43692
                        }
                    }
                ]
            },
            {
                "repeatable": false,
                "minDistanceFromBot": 5,
                "maxDistanceFromBot": 9999,
                "maxRunDistance": 9,
                "steps": [
                    {
                        "position" : {
                            "x": -345.121521,
                            "y": -0.8410529,
                            "z": -89.1008453
                        }
                    }
                ]
            },
            {
                "repeatable": false,
                "minDistanceFromBot": 5,
                "maxDistanceFromBot": 9999,
                "maxRunDistance": 9,
                "steps": [
                    {
                        "position" : {
                            "x": -351.129852,
                            "y": -0.841052949,
                            "z": -88.54201
                        }
                    }
                ]
            },
            {
                "repeatable": false,
                "minDistanceFromBot": 5,
                "maxDistanceFromBot": 9999,
                "maxRunDistance": 9,
                "steps": [
                    {
                        "position" : {
                            "x": -355.249023,
                            "y": -0.841053,
                            "z": -88.2051
                        }
                    }
                ]
            }
        ]
    },
    {
        "repeatable": false,
        "minLevel": 0,
        "maxLevel": 99,
        "maxBots": 3,
        "desirability": 20,
        "canRunBetweenObjectives": false,
        "name": "Resort East Wing 3rd Floor",
        "objectives" : [
            {
                "repeatable": false,
                "minDistanceFromBot": 5,
                "maxDistanceFromBot": 9999,
                "maxRunDistance": 9,
                "steps": [
                    {
                        "position" : {
                            "x": -361.267181,
                            "y": 2.05199933,
                            "z": -75.44241
                        }
                    }
                ]
            },
            {
                "repeatable": false,
                "minDistanceFromBot": 5,
                "maxDistanceFromBot": 9999,
                "maxRunDistance": 11,
                "steps": [
                    {
                        "position" : {
                            "x": -356.618439,
                            "y": 2.05199885,
                            "z": -75.58755
                        }
                    }
                ]
            },
            {
                "repeatable": false,
                "minDistanceFromBot": 5,
                "maxDistanceFromBot": 9999,
                "maxRunDistance": 10,
                "steps": [
                    {
                        "position" : {
                            "x": -342.884033,
                            "y": 2.05200052,
                            "z": -89.71457
                        }
                    }
                ]
            },
            {
                "repeatable": false,
                "minDistanceFromBot": 5,
                "maxDistanceFromBot": 9999,
                "maxRunDistance": 11,
                "steps": [
                    {
                        "position" : {
                            "x": -324.168579,
                            "y": 2.051999,
                            "z": -76.7090759
                        }
                    }
                ]
            },
            {
                "repeatable": false,
                "minDistanceFromBot": 5,
                "maxDistanceFromBot": 9999,
                "maxRunDistance": 11,
                "steps": [
                    {
                        "position" : {
                            "x": -318.3821,
                            "y": 2.05200052,
                            "z": -88.6595459
                        }
                    }
                ]
            },
            {
                "repeatable": false,
                "minDistanceFromBot": 5,
                "maxDistanceFromBot": 9999,
                "maxRunDistance": 12,
                "steps": [
                    {
                        "position" : {
                            "x": -313.00766,
                            "y": 2.05200028,
                            "z": -87.654686
                        }
                    }
                ]
            },
            {
                "repeatable": false,
                "minDistanceFromBot": 5,
                "maxDistanceFromBot": 9999,
                "maxRunDistance": 6,
                "steps": [
                    {
                        "position" : {
                            "x": -302.5069,
                            "y": 2.05200052,
                            "z": -76.06034
                        }
                    }
                ]
            },
            {
                "repeatable": false,
                "minDistanceFromBot": 5,
                "maxDistanceFromBot": 9999,
                "maxRunDistance": 17,
                "steps": [
                    {
                        "position" : {
                            "x": -293.941,
                            "y": 2.051996,
                            "z": -88.09664
                        }
                    }
                ]
            },
            {
                "repeatable": false,
                "minDistanceFromBot": 5,
                "maxDistanceFromBot": 9999,
                "maxRunDistance": 13,
                "steps": [
                    {
                        "position" : {
                            "x": -286.6105,
                            "y": 2.05199623,
                            "z": -89.11945
                        }
                    }
                ]
            }
        ]
    },
    {
        "repeatable": true,
        "isCamping": true,
        "minLevel": 0,
        "maxLevel": 99,
        "maxBots": 2,
        "maxBotsInGroup": 1,
        "minRaidET": 300,
        "desirability": 10,
        "name": "Tunnel Camping",
        "objectives" : [
            {
                "repeatable": true,
                "minDistanceFromBot": 5,
                "maxDistanceFromBot": 750,
                "lootAfterCompleting": "Inhibit",
                "steps": [
                    {
                        "waitTimeAfterCompleting": 1,
                        "position" : {
                            "x": 391.3144,
                            "y": -49.88845,
                            "z": 281.82135
                        }
                    },
                    {
                        "stepType" : "Ambush",
                        "minElapsedTime": {
                            "min": 45,
                            "max": 180
                        },
                        "position" : {
                            "x": 391.3144,
                            "y": -49.88845,
                            "z": 281.82135
                        },
                        "lookToPosition" : {
                            "x": 340.19693,
                            "y": -59.2684937,
                            "z": 292.860016
                        }
                    }
                ]
            }
        ]
    }
]