[
    {
        "repeatable": true,
        "minLevel": 0,
        "maxLevel": 99,
        "maxBots": 2,
        "chanceForSelecting": 30,
        "priority": 18,
        "desirability": 45,
        "name": "Scav Base",
        "objectives" : [
            {
                "repeatable": true,
                "minDistanceFromBot": 5,
                "maxDistanceFromBot": 9999,
                "maxRunDistance": 12,
                "steps": [
                    {
                        "position" : {
                            "x": -177.7938,
                            "y": -1.86498344,
                            "z": 264.2937
                        }
                    },
                    {
                        "position" : {
                            "x": -167.997452,
                            "y": -1.86646283,
                            "z": 254.755524
                        }
                    }
                ]
            },
            {
                "repeatable": true,
                "minDistanceFromBot": 5,
                "maxDistanceFromBot": 9999,
                "maxRunDistance": 12,
                "steps": [
                    {
                        "position" : {
                            "x": -209.643173,
                            "y": -1.87047768,
                            "z": 203.157959
                        }
                    },
                    {
                        "position" : {
                            "x": -210.935165,
                            "y": -1.8704772,
                            "z": 209.023148
                        }
                    },
                    {
                        "position" : {
                            "x": -205.404922,
                            "y": -1.870477,
                            "z": 216.002289
                        }
                    }
                ]
            }
        ]
    },
    {
        "repeatable": false,
        "minLevel": 0,
        "maxLevel": 99,
        "maxBots": 2,
        "chanceForSelecting": 20,
        "priority": 20,
        "desirability": 30,
        "name": "RUAF Roadblock Crates",
        "objectives" : [
            {
                "repeatable": false,
                "minDistanceFromBot": 5,
                "maxDistanceFromBot": 500,
                "steps": [
                    {
                        "position" : {
                            "x": -117.865929,
                            "y": -1.36006165,
                            "z": 402.163239
                        }
                    }
                ]
            },
            {
                "repeatable": false,
                "minDistanceFromBot": 5,
                "maxDistanceFromBot": 500,
                "steps": [
                    {
                        "position" : {
                            "x": -136.865463,
                            "y": -1.56682646,
                            "z": 414.801117
                        }
                    }
                ]
            }
        ]
    },
    {
        "repeatable": false,
        "minLevel": 0,
        "maxLevel": 99,
        "maxBots": 2,
        "chanceForSelecting": 10,
        "priority": 20,
        "desirability": 10,
        "name": "Ambulance",
        "objectives" : [
            {
                "repeatable": false,
                "minDistanceFromBot": 20,
                "maxDistanceFromBot": 500,
                "steps": [
                    {
                        "position" : {
                            "x": -97.62972,
                            "y": -15.4367075,
                            "z": 219.63356
                        }
                    }
                ]
            }
        ]
    },
    {
        "repeatable": false,
        "minLevel": 0,
        "maxLevel": 99,
        "maxBots": 2,
        "chanceForSelecting": 15,
        "priority": 20,
        "desirability": 30,
        "name": "Sawmill Shack",
        "objectives" : [
            {
                "repeatable": false,
                "minDistanceFromBot": 20,
                "maxDistanceFromBot": 500,
                "steps": [
                    {
                        "position" : {
                            "x": -25.649519,
                            "y": -3.64485335,
                            "z": 46.2749367
                        }
                    }
                ]
            }
        ]
    },
    {
        "repeatable": false,
        "minLevel": 5,
        "maxLevel": 99,
        "maxBots": 2,
        "chanceForSelecting": 15,
        "priority": 20,
        "desirability": 30,
        "name": "Sawmill Cabins",
        "objectives" : [
            {
                "repeatable": false,
                "minDistanceFromBot": 5,
                "maxDistanceFromBot": 750,
                "steps": [
                    {
                        "position" : {
                            "x": -5.1944375,
                            "y": -1.48043585,
                            "z": -69.47066
                        }
                    }
                ]
            },
            {
                "repeatable": false,
                "minDistanceFromBot": 5,
                "maxDistanceFromBot": 750,
                "steps": [
                    {
                        "position" : {
                            "x": -5.45717,
                            "y": -1.48043573,
                            "z": -74.78532
                        }
                    }
                ]
            },
            {
                "repeatable": false,
                "minDistanceFromBot": 5,
                "maxDistanceFromBot": 750,
                "steps": [
                    {
                        "position" : {
                            "x": -1.8593502,
                            "y": -1.47943592,
                            "z": -80.4823456
                        }
                    }
                ]
            }
        ]
    },
    {
        "repeatable": false,
        "minLevel": 5,
        "maxLevel": 99,
        "maxBots": 2,
        "chanceForSelecting": 10,
        "priority": 20,
        "desirability": 25,
        "name": "Sawmill Warehouse",
        "objectives" : [
            {
                "repeatable": false,
                "minDistanceFromBot": 20,
                "maxDistanceFromBot": 750,
                "maxRunDistance": 10,
                "steps": [
                    {
                        "position" : {
                            "x": 77.10556,
                            "y": -1.77957737,
                            "z": -47.3434563
                        }
                    }
                ]
            }
        ]
    },
    {
        "repeatable": false,
        "minLevel": 15,
        "maxLevel": 99,
        "maxBots": 2,
        "chanceForSelecting": 10,
        "priority": 22,
        "desirability": 10,
        "name": "Sawmill Common Fund Stash",
        "objectives" : [
            {
                "repeatable": false,
                "minDistanceFromBot": 20,
                "maxDistanceFromBot": 750,
                "steps": [
                    {
                        "position" : {
                            "x": 24.0236053,
                            "y": -2.62782359,
                            "z": -30.522398
                        }
                    }
                ]
            }
        ]
    },
    {
        "repeatable": true,
        "minLevel": 3,
        "maxLevel": 99,
        "maxBots": 2,
        "chanceForSelecting": 10,
        "priority": 20,
        "desirability": 20,
        "name": "Spine",
        "objectives" : [
            {
                "repeatable": true,
                "minDistanceFromBot": 10,
                "maxDistanceFromBot": 750,
                "steps": [
                    {
                        "position" : {
                            "x": -248.281311,
                            "y": 26.28598,
                            "z": -196.449127
                        }
                    }
                ]
            },
            {
                "repeatable": true,
                "minDistanceFromBot": 10,
                "maxDistanceFromBot": 750,
                "steps": [
                    {
                        "position" : {
                            "x": -333.594666,
                            "y": 28.02395,
                            "z": -227.685669
                        }
                    }
                ]
            }
        ]
    },
    {
        "repeatable": false,
        "minLevel": 0,
        "maxLevel": 99,
        "maxBots": 2,
        "chanceForSelecting": 30,
        "priority": 20,
        "desirability": 30,
        "name": "Sniper Rock Crates",
        "objectives" : [
            {
                "repeatable": false,
                "minDistanceFromBot": 5,
                "maxDistanceFromBot": 750,
                "steps": [
                    {
                        "position" : {
                            "x": -155.813644,
                            "y": 51.1307945,
                            "z": -275.110626
                        }
                    }
                ]
            },
            {
                "repeatable": false,
                "minDistanceFromBot": 5,
                "maxDistanceFromBot": 750,
                "steps": [
                    {
                        "position" : {
                            "x": -232.665787,
                            "y": 67.69444,
                            "z": -229.943024
                        }
                    }
                ]
            },
            {
                "repeatable": false,
                "minDistanceFromBot": 5,
                "maxDistanceFromBot": 750,
                "steps": [
                    {
                        "position" : {
                            "x": -210.42453,
                            "y": 76.26718,
                            "z": -272.8206
                        }
                    }
                ]
            }
        ]
    },
    {
        "repeatable": true,
        "minLevel": 0,
        "maxLevel": 99,
        "maxBots": 2,
        "chanceForSelecting": 30,
        "priority": 20,
        "desirability": 30,
        "name": "Sawmill Checkpoint",
        "objectives" : [
            {
                "repeatable": true,
                "minDistanceFromBot": 20,
                "maxDistanceFromBot": 500,
                "steps": [
                    {
                        "position" : {
                            "x": 239.719971,
                            "y": -1.81444216,
                            "z": -70.82752
                        }
                    }
                ]
            }
        ]
    },
    {
        "repeatable": true,
        "minLevel": 5,
        "maxLevel": 99,
        "maxBots": 2,
        "chanceForSelecting": 10,
        "priority": 20,
        "desirability": 20,
        "name": "Sawmill Checkpoint Sniping",
        "objectives" : [
            {
                "repeatable": true,
                "minDistanceFromBot": 20,
                "maxDistanceFromBot": 500,
                "steps": [
                    {
                        "waitTimeAfterCompleting": 0,
                        "position" : {
                            "x": 218.134415,
                            "y": -0.5729273,
                            "z": -132.790054
                        }
                    },
                    {
                        "stepType" : "HoldAtPosition",
                        "maxDistance": 5,
                        "minElapsedTime": {
                            "min": 20,
                            "max": 120
                        },
                        "position" : {
                            "x": 218.134415,
                            "y": -0.5729273,
                            "z": -132.790054
                        }
                    }
                ]
            }
        ]
    },
    {
        "repeatable": false,
        "minLevel": 0,
        "maxLevel": 99,
        "maxBots": 2,
        "chanceForSelecting": 10,
        "priority": 20,
        "desirability": 20,
        "name": "Sawmill Checkpoint Nearby Rocks",
        "objectives" : [
            {
                "repeatable": false,
                "minDistanceFromBot": 20,
                "maxDistanceFromBot": 500,
                "steps": [
                    {
                        "position" : {
                            "x": 356.582642,
                            "y": -0.547618449,
                            "z": -88.39071
                        }
                    }
                ]
            }
        ]
    },
    {
        "repeatable": false,
        "minLevel": 7,
        "maxLevel": 99,
        "maxBots": 2,
        "chanceForSelecting": 10,
        "priority": 20,
        "desirability": 25,
        "name": "ZB-014 Inner Room",
        "objectives" : [
            {
                "repeatable": false,
                "minDistanceFromBot": 20,
                "maxDistanceFromBot": 9999,
                "maxRunDistance": 10,
                "steps": [
                    {
                        "position" : {
                            "x": 446.2245,
                            "y": -14.2453909,
                            "z": 61.3314667
                        }
                    }
                ]
            }
        ]
    },
    {
        "repeatable": true,
        "minLevel": 5,
        "maxLevel": 99,
        "maxBots": 2,
        "chanceForSelecting": 30,
        "priority": 20,
        "desirability": 30,
        "name": "Scav House Sniping",
        "objectives" : [
            {
                "repeatable": true,
                "minDistanceFromBot": 20,
                "maxDistanceFromBot": 750,
                "lootAfterCompleting": "Inhibit",
                "steps": [
                    {
                        "waitTimeAfterCompleting": 0,
                        "position" : {
                            "x": 315.242,
                            "y": -5.0619173,
                            "z": 268.3706
                        }
                    },
                    {
                        "stepType" : "HoldAtPosition",
                        "maxDistance": 5,
                        "minElapsedTime": {
                            "min": 20,
                            "max": 120
                        },
                        "position" : {
                            "x": 315.242,
                            "y": -5.0619173,
                            "z": 268.3706
                        }
                    }
                ]
            },
            {
                "repeatable": true,
                "minDistanceFromBot": 20,
                "maxDistanceFromBot": 750,
                "lootAfterCompleting": "Inhibit",
                "steps": [
                    {
                        "waitTimeAfterCompleting": 0,
                        "position" : {
                            "x": 388.109528,
                            "y": -11.7437077,
                            "z": 286.043579
                        }
                    },
                    {
                        "stepType" : "HoldAtPosition",
                        "maxDistance": 5,
                        "minElapsedTime": {
                            "min": 20,
                            "max": 120
                        },
                        "position" : {
                            "x": 388.109528,
                            "y": -11.7437077,
                            "z": 286.043579
                        }
                    }
                ]
            },
            {
                "repeatable": true,
                "minDistanceFromBot": 20,
                "maxDistanceFromBot": 750,
                "lootAfterCompleting": "Inhibit",
                "steps": [
                    {
                        "waitTimeAfterCompleting": 0,
                        "position" : {
                            "x": 448.592,
                            "y": -17.1530151,
                            "z": 245.3854
                        }
                    },
                    {
                        "stepType" : "HoldAtPosition",
                        "maxDistance": 5,
                        "minElapsedTime": {
                            "min": 20,
                            "max": 120
                        },
                        "position" : {
                            "x": 448.592,
                            "y": -17.1530151,
                            "z": 245.3854
                        }
                    }
                ]
            }
        ]
    },
    {
        "repeatable": false,
        "minLevel": 0,
        "maxLevel": 99,
        "maxBots": 2,
        "chanceForSelecting": 30,
        "priority": 20,
        "desirability": 30,
        "name": "Old Sawmill",
        "objectives" : [
            {
                "repeatable": false,
                "minDistanceFromBot": 5,
                "maxDistanceFromBot": 500,
                "maxRunDistance": 6,
                "steps": [
                    {
                        "position" : {
                            "x": -512.148438,
                            "y": 15.9153662,
                            "z": -177.12027
                        }
                    }
                ]
            },
            {
                "repeatable": false,
                "minDistanceFromBot": 5,
                "maxDistanceFromBot": 500,
                "maxRunDistance": 6,
                "steps": [
                    {
                        "position" : {
                            "x": -548.2082,
                            "y": 18.1274471,
                            "z": -205.271057
                        }
                    }
                ]
            },
            {
                "repeatable": false,
                "minDistanceFromBot": 5,
                "maxDistanceFromBot": 500,
                "maxRunDistance": 6,
                "steps": [
                    {
                        "position" : {
                            "x": -534.3246,
                            "y": 18.10662,
                            "z": -204.977951
                        }
                    }
                ]
            }
        ]
    },
    {
        "repeatable": true,
        "minLevel": 5,
        "maxLevel": 99,
        "maxBots": 2,
        "chanceForSelecting": 20,
        "priority": 20,
        "desirability": 25,
        "name": "Scav Town Sniping",
        "objectives" : [
            {
                "repeatable": true,
                "minDistanceFromBot": 5,
                "maxDistanceFromBot": 750,
                "lootAfterCompleting": "Inhibit",
                "steps": [
                    {
                        "waitTimeAfterCompleting": 0,
                        "position" : {
                            "x": -508.473572,
                            "y": 23.2766037,
                            "z": -283.2213
                        }
                    },
                    {
                        "stepType" : "HoldAtPosition",
                        "maxDistance": 5,
                        "minElapsedTime": {
                            "min": 20,
                            "max": 120
                        },
                        "position" : {
                            "x": -508.473572,
                            "y": 23.2766037,
                            "z": -283.2213
                        }
                    }
                ]
            },
            {
                "repeatable": true,
                "minDistanceFromBot": 5,
                "maxDistanceFromBot": 750,
                "lootAfterCompleting": "Inhibit",
                "steps": [
                    {
                        "waitTimeAfterCompleting": 0,
                        "position" : {
                            "x": -521.9508,
                            "y": 21.679018,
                            "z": -287.813782
                        }
                    },
                    {
                        "stepType" : "HoldAtPosition",
                        "maxDistance": 5,
                        "minElapsedTime": {
                            "min": 20,
                            "max": 120
                        },
                        "position" : {
                            "x": -521.9508,
                            "y": 21.679018,
                            "z": -287.813782
                        }
                    }
                ]
            },
            {
                "repeatable": true,
                "minDistanceFromBot": 5,
                "maxDistanceFromBot": 750,
                "lootAfterCompleting": "Inhibit",
                "steps": [
                    {
                        "waitTimeAfterCompleting": 0,
                        "position" : {
                            "x": -487.4673,
                            "y": 22.4202023,
                            "z": -271.866455
                        }
                    },
                    {
                        "stepType" : "HoldAtPosition",
                        "maxDistance": 5,
                        "minElapsedTime": {
                            "min": 20,
                            "max": 120
                        },
                        "position" : {
                            "x": -487.4673,
                            "y": 22.4202023,
                            "z": -271.866455
                        }
                    }
                ]
            }
        ]
    },
    {
        "repeatable": true,
        "minLevel": 0,
        "maxLevel": 99,
        "maxBots": 2,
        "chanceForSelecting": 20,
        "priority": 20,
        "desirability": 25,
        "name": "Scav Town",
        "objectives" : [
            {
                "repeatable": true,
                "minDistanceFromBot": 20,
                "maxDistanceFromBot": 750,
                "maxRunDistance": 9,
                "steps": [
                    {
                        "position" : {
                            "x": -460.5816,
                            "y": 15.5233068,
                            "z": -364.776917
                        }
                    }
                ]
            },
            {
                "repeatable": true,
                "minDistanceFromBot": 20,
                "maxDistanceFromBot": 750,
                "maxRunDistance": 12,
                "steps": [
                    {
                        "position" : {
                            "x": -498.9938,
                            "y": 15.2425175,
                            "z": -403.2168
                        }
                    }
                ]
            },
            {
                "repeatable": true,
                "minDistanceFromBot": 20,
                "maxDistanceFromBot": 750,
                "maxRunDistance": 12,
                "steps": [
                    {
                        "position" : {
                            "x": -454.75824,
                            "y": 15.3771315,
                            "z": -399.002716
                        }
                    }
                ]
            }
        ]
    },
    {
        "repeatable": true,
        "minLevel": 0,
        "maxLevel": 99,
        "maxBots": 2,
        "chanceForSelecting": 20,
        "priority": 20,
        "desirability": 20,
        "name": "Scav Bridge Overlook",
        "objectives" : [
            {
                "repeatable": true,
                "minDistanceFromBot": 5,
                "maxDistanceFromBot": 500,
                "steps": [
                    {
                        "position" : {
                            "x": 134.112366,
                            "y": 24.5597134,
                            "z": -758.4981
                        }
                    }
                ]
            },
            {
                "repeatable": true,
                "minDistanceFromBot": 5,
                "maxDistanceFromBot": 500,
                "steps": [
                    {
                        "position" : {
                            "x": 141.973083,
                            "y": 24.399416,
                            "z": -729.4716
                        }
                    }
                ]
            },
            {
                "repeatable": true,
                "minDistanceFromBot": 5,
                "maxDistanceFromBot": 500,
                "steps": [
                    {
                        "position" : {
                            "x": 140.3757,
                            "y": 27.19339,
                            "z": -726.4303
                        }
                    }
                ]
            }
        ]
    },
    {
        "repeatable": true,
        "minLevel": 0,
        "maxLevel": 99,
        "maxBots": 2,
        "chanceForSelecting": 20,
        "priority": 20,
        "desirability": 20,
        "canRunBetweenObjectives": false,
        "name": "Scav Bunker",
        "objectives" : [
            {
                "repeatable": true,
                "minDistanceFromBot": 10,
                "maxDistanceFromBot": 750,
                "steps": [
                    {
                        "position" : {
                            "x": 232.451248,
                            "y": 24.2566319,
                            "z": -701.5514
                        }
                    }
                ]
            },
            {
                "repeatable": true,
                "minDistanceFromBot": 10,
                "maxDistanceFromBot": 750,
                "steps": [
                    {
                        "position" : {
                            "x": 224.623245,
                            "y": 24.6960411,
                            "z": -717.584
                        }
                    }
                ]
            },
            {
                "repeatable": true,
                "minDistanceFromBot": 10,
                "maxDistanceFromBot": 750,
                "maxRunDistance": 10,
                "steps": [
                    {
                        "position" : {
                            "x": 222.829453,
                            "y": 20.149086,
                            "z": -707.4061
                        }
                    }
                ]
            }
        ]
    },
    {
        "repeatable": false,
        "minLevel": 0,
        "maxLevel": 99,
        "maxBots": 2,
        "chanceForSelecting": 30,
        "priority": 20,
        "desirability": 35,
        "canRunBetweenObjectives": false,
        "name": "USEC Camp North",
        "objectives" : [
            {
                "repeatable": false,
                "minDistanceFromBot": 10,
                "maxDistanceFromBot": 750,
                "steps": [
                    {
                        "position" : {
                            "x": 275.219055,
                            "y": 22.8832073,
                            "z": -508.393677
                        }
                    }
                ]
            },
            {
                "repeatable": false,
                "minDistanceFromBot": 10,
                "maxDistanceFromBot": 750,
                "steps": [
                    {
                        "position" : {
                            "x": 295.700378,
                            "y": 22.8941936,
                            "z": -505.805725
                        }
                    }
                ]
            }
        ]
    },
    {
        "repeatable": false,
        "minLevel": 0,
        "maxLevel": 99,
        "maxBots": 2,
        "chanceForSelecting": 30,
        "priority": 20,
        "desirability": 35,
        "canRunBetweenObjectives": false,
        "name": "USEC Camp South",
        "objectives" : [
            {
                "repeatable": false,
                "minDistanceFromBot": 10,
                "maxDistanceFromBot": 750,
                "steps": [
                    {
                        "position" : {
                            "x": 307.0511,
                            "y": 23.0367184,
                            "z": -459.85318
                        }
                    }
                ]
            },
            {
                "repeatable": false,
                "minDistanceFromBot": 10,
                "maxDistanceFromBot": 750,
                "steps": [
                    {
                        "position" : {
                            "x": 278.270233,
                            "y": 22.9719849,
                            "z": -434.362
                        }
                    }
                ]
            }
        ]
    },
    {
        "repeatable": false,
        "minLevel": 0,
        "maxLevel": 99,
        "maxBots": 2,
        "chanceForSelecting": 30,
        "priority": 20,
        "desirability": 30,
        "name": "Sawmill Outskirts Shack",
        "objectives" : [
            {
                "repeatable": false,
                "minDistanceFromBot": 20,
                "maxDistanceFromBot": 500,
                "steps": [
                    {
                        "position" : {
                            "x": 243.096069,
                            "y": -8.462602,
                            "z": 124.231667
                        }
                    }
                ]
            }
        ]
    },
    {
        "repeatable": false,
        "minLevel": 0,
        "maxLevel": 99,
        "maxBots": 2,
        "chanceForSelecting": 10,
        "priority": 20,
        "desirability": 20,
        "name": "Sunken Village",
        "objectives" : [
            {
                "repeatable": false,
                "minDistanceFromBot": 5,
                "maxDistanceFromBot": 300,
                "steps": [
                    {
                        "position" : {
                            "x": -45.8186455,
                            "y": 8.657747,
                            "z": -599.737854
                        }
                    }
                ]
            },
            {
                "repeatable": false,
                "minDistanceFromBot": 5,
                "maxDistanceFromBot": 300,
                "steps": [
                    {
                        "position" : {
                            "x": -172.435959,
                            "y": 12.5000238,
                            "z": -688.386841
                        }
                    }
                ]
            },
            {
                "repeatable": false,
                "minDistanceFromBot": 5,
                "maxDistanceFromBot": 300,
                "steps": [
                    {
                        "position" : {
                            "x": -36.99905,
                            "y": 9.955526,
                            "z": -740.6579
                        }
                    }
                ]
            }
        ]
    },
    {
        "repeatable": false,
        "minLevel": 0,
        "maxLevel": 99,
        "maxBots": 2,
        "chanceForSelecting": 20,
        "priority": 20,
        "desirability": 20,
        "name": "Northern UN Roadblock",
        "objectives" : [
            {
                "repeatable": false,
                "minDistanceFromBot": 20,
                "maxDistanceFromBot": 500,
                "steps": [
                    {
                        "position" : {
                            "x": -563.797363,
                            "y": 9.753631,
                            "z": -77.74115
                        }
                    }
                ]
            }
        ]
    },
    {
        "repeatable": false,
        "minLevel": 0,
        "maxLevel": 99,
        "maxBots": 2,
        "chanceForSelecting": 10,
        "priority": 20,
        "desirability": 15,
        "name": "Dead Man's Place",
        "objectives" : [
            {
                "repeatable": false,
                "minDistanceFromBot": 20,
                "maxDistanceFromBot": 500,
                "steps": [
                    {
                        "position" : {
                            "x": 194.422989,
                            "y": -14.9313993,
                            "z": 260.631073
                        }
                    }
                ]
            }
        ]
    },
    {
        "repeatable": true,
        "minLevel": 5,
        "maxLevel": 99,
        "maxBots": 2,
        "chanceForSelecting": 10,
        "priority": 20,
        "desirability": 20,
        "name": "Sawmill Sniping",
        "objectives" : [
            {
                "repeatable": true,
                "minDistanceFromBot": 5,
                "maxDistanceFromBot": 750,
                "steps": [
                    {
                        "waitTimeAfterCompleting": 0,
                        "position" : {
                            "x": -23.4741669,
                            "y": 6.01007366,
                            "z": -81.3190842
                        }
                    },
                    {
                        "stepType" : "HoldAtPosition",
                        "maxDistance": 5,
                        "minElapsedTime": {
                            "min": 20,
                            "max": 120
                        },
                        "position" : {
                            "x": -23.4741669,
                            "y": 6.01007366,
                            "z": -81.3190842
                        }
                    }
                ]
            },
            {
                "repeatable": true,
                "minDistanceFromBot": 5,
                "maxDistanceFromBot": 750,
                "steps": [
                    {
                        "waitTimeAfterCompleting": 0,
                        "position" : {
                            "x": -20.29293,
                            "y": 4.830707,
                            "z": -55.89834
                        }
                    },
                    {
                        "stepType" : "HoldAtPosition",
                        "maxDistance": 5,
                        "minElapsedTime": {
                            "min": 20,
                            "max": 120
                        },
                        "position" : {
                            "x": -20.29293,
                            "y": 4.830707,
                            "z": -55.89834
                        }
                    }
                ]
            },
            {
                "repeatable": true,
                "minDistanceFromBot": 5,
                "maxDistanceFromBot": 750,
                "steps": [
                    {
                        "waitTimeAfterCompleting": 0,
                        "position" : {
                            "x": -43.47702,
                            "y": 3.606523,
                            "z": 24.4091148
                        }
                    },
                    {
                        "stepType" : "HoldAtPosition",
                        "maxDistance": 5,
                        "minElapsedTime": {
                            "min": 20,
                            "max": 120
                        },
                        "position" : {
                            "x": -43.47702,
                            "y": 3.606523,
                            "z": 24.4091148
                        }
                    }
                ]
            },
            {
                "repeatable": true,
                "minDistanceFromBot": 5,
                "maxDistanceFromBot": 750,
                "steps": [
                    {
                        "waitTimeAfterCompleting": 0,
                        "position" : {
                            "x": -32.9204941,
                            "y": 4.56304932,
                            "z": -28.500124
                        }
                    },
                    {
                        "stepType" : "HoldAtPosition",
                        "maxDistance": 5,
                        "minElapsedTime": {
                            "min": 20,
                            "max": 120
                        },
                        "position" : {
                            "x": -32.9204941,
                            "y": 4.56304932,
                            "z": -28.500124
                        }
                    }
                ]
            },
            {
                "repeatable": true,
                "minDistanceFromBot": 5,
                "maxDistanceFromBot": 750,
                "steps": [
                    {
                        "waitTimeAfterCompleting": 0,
                        "position" : {
                            "x": -46.4890556,
                            "y": 5.20278549,
                            "z": 6.61853552
                        }
                    },
                    {
                        "stepType" : "HoldAtPosition",
                        "maxDistance": 5,
                        "minElapsedTime": {
                            "min": 20,
                            "max": 120
                        },
                        "position" : {
                            "x": -46.4890556,
                            "y": 5.20278549,
                            "z": 6.61853552
                        }
                    }
                ]
            }
        ]
    },
    {
        "repeatable": false,
        "minLevel": 0,
        "maxLevel": 99,
        "maxBots": 2,
        "chanceForSelecting": 10,
        "priority": 20,
        "desirability": 15,
        "name": "Convoy",
        "objectives" : [
            {
                "repeatable": false,
                "minDistanceFromBot": 5,
                "maxDistanceFromBot": 500,
                "steps": [
                    {
                        "position" : {
                            "x": 192.145935,
                            "y": 10.6605768,
                            "z": -588.1613
                        }
                    }
                ]
            },
            {
                "repeatable": false,
                "minDistanceFromBot": 5,
                "maxDistanceFromBot": 500,
                "steps": [
                    {
                        "position" : {
                            "x": 197.10498,
                            "y": 11.0285559,
                            "z": -598.081665
                        }
                    }
                ]
            }
        ]
    },
    {
        "repeatable": false,
        "minLevel": 0,
        "maxLevel": 99,
        "maxBots": 2,
        "chanceForSelecting": 20,
        "priority": 20,
        "desirability": 20,
        "name": "Sawmill Marked Circle",
        "objectives" : [
            {
                "repeatable": false,
                "minDistanceFromBot": 20,
                "maxDistanceFromBot": 300,
                "maxRunDistance": 10,
                "steps": [
                    {
                        "position" : {
                            "x": 194.042389,
                            "y": 0.274127424,
                            "z": -6.58319759
                        }
                    }
                ]
            }
        ]
    }
]