[
    {
        "repeatable": true,
        "minLevel": 0,
        "maxLevel": 99,
        "maxBots": 4,
        "desirability": 45,
        "name": "Scav Base",
        "objectives" : [
            {
                "repeatable": true,
                "minDistanceFromBot": 5,
                "maxDistanceFromBot": 9999,
                "maxRunDistance": 12,
                "steps": [
                    {
                        "position" : {
                            "x": -177.7938,
                            "y": -1.86498344,
                            "z": 264.2937
                        }
                    },
                    {
                        "position" : {
                            "x": -179.300964,
                            "y": -1.86498642,
                            "z": 261.638977
                        }
                    },
                    {
                        "position" : {
                            "x": -177.395355,
                            "y": -1.86498666,
                            "z": 255.5399
                        }
                    },
                    {
                        "position" : {
                            "x": -167.997452,
                            "y": -1.86646283,
                            "z": 254.755524
                        }
                    },
                    {
                        "position" : {
                            "x": -178.467911,
                            "y": -1.87047589,
                            "z": 246.548508
                        }
                    }
                ]
            },
            {
                "repeatable": true,
                "minDistanceFromBot": 5,
                "maxDistanceFromBot": 9999,
                "maxRunDistance": 6,
                "steps": [
                    {
                        "position" : {
                            "x": -204.237274,
                            "y": -1.87047482,
                            "z": 204.718246
                        }
                    },
                    {
                        "position" : {
                            "x": -209.643173,
                            "y": -1.87047768,
                            "z": 203.157959
                        }
                    },
                    {
                        "position" : {
                            "x": -210.935165,
                            "y": -1.8704772,
                            "z": 209.023148
                        }
                    },
                    {
                        "position" : {
                            "x": -205.404922,
                            "y": -1.870477,
                            "z": 216.002289
                        }
                    }
                ]
            },
            {
                "repeatable": false,
                "minDistanceFromBot": 5,
                "maxDistanceFromBot": 9999,
                "steps": [
                    {
                        "position" : {
                            "x": -189.090363,
                            "y": -1.8704741,
                            "z": 221.813965
                        }
                    }
                ]
            },
            {
                "repeatable": false,
                "minDistanceFromBot": 5,
                "maxDistanceFromBot": 9999,
                "steps": [
                    {
                        "position" : {
                            "x": -192.183411,
                            "y": -2.33285451,
                            "z": 255.0699
                        }
                    },
                    {
                        "position" : {
                            "x": -186.745758,
                            "y": -2.302162,
                            "z": 264.723877
                        }
                    }
                ]
            }
        ]
    },
    {
        "repeatable": false,
        "minLevel": 0,
        "maxLevel": 99,
        "maxBots": 2,
        "desirability": 30,
        "name": "RUAF Roadblock Crates",
        "objectives" : [
            {
                "repeatable": false,
                "minDistanceFromBot": 5,
                "maxDistanceFromBot": 500,
                "steps": [
                    {
                        "position" : {
                            "x": -117.865929,
                            "y": -1.36006165,
                            "z": 402.163239
                        }
                    }
                ]
            },
            {
                "repeatable": false,
                "minDistanceFromBot": 5,
                "maxDistanceFromBot": 500,
                "steps": [
                    {
                        "position" : {
                            "x": -136.865463,
                            "y": -1.56682646,
                            "z": 414.801117
                        }
                    }
                ]
            }
        ]
    },
    {
        "repeatable": false,
        "minLevel": 0,
        "maxLevel": 99,
        "maxBots": 2,
        "desirability": 10,
        "name": "Ambulance",
        "objectives" : [
            {
                "repeatable": false,
                "minDistanceFromBot": 5,
                "maxDistanceFromBot": 300,
                "steps": [
                    {
                        "position" : {
                            "x": -97.62972,
                            "y": -15.4367075,
                            "z": 219.63356
                        }
                    }
                ]
            }
        ]
    },
    {
        "repeatable": false,
        "minLevel": 0,
        "maxLevel": 99,
        "maxBots": 2,
        "desirability": 30,
        "name": "Sawmill Shack",
        "objectives" : [
            {
                "repeatable": false,
                "minDistanceFromBot": 5,
                "maxDistanceFromBot": 500,
                "steps": [
                    {
                        "position" : {
                            "x": -24.1673546,
                            "y": -3.64493561,
                            "z": 45.3416748
                        }
                    },
                    {
                        "position" : {
                            "x": -25.9313183,
                            "y": -3.64446163,
                            "z": 46.46762
                        }
                    }
                ]
            }
        ]
    },
    {
        "repeatable": false,
        "minLevel": 5,
        "maxLevel": 99,
        "maxBots": 3,
        "desirability": 30,
        "name": "Sawmill Cabins",
        "objectives" : [
            {
                "repeatable": false,
                "minDistanceFromBot": 5,
                "maxDistanceFromBot": 750,
                "steps": [
                    {
                        "position" : {
                            "x": -5.1944375,
                            "y": -1.48043585,
                            "z": -69.47066
                        }
                    },
                    {
                        "position" : {
                            "x": -2.54139662,
                            "y": -1.480436,
                            "z": -69.3419
                        }
                    }
                ]
            },
            {
                "repeatable": false,
                "minDistanceFromBot": 5,
                "maxDistanceFromBot": 750,
                "steps": [
                    {
                        "position" : {
                            "x": -5.45717,
                            "y": -1.48043573,
                            "z": -74.78532
                        }
                    },
                    {
                        "position" : {
                            "x": -1.960549,
                            "y": -1.48043585,
                            "z": -74.66669
                        }
                    }
                ]
            },
            {
                "repeatable": false,
                "minDistanceFromBot": 5,
                "maxDistanceFromBot": 750,
                "steps": [
                    {
                        "position" : {
                            "x": -1.8593502,
                            "y": -1.47943592,
                            "z": -80.4823456
                        }
                    }
                ]
            }
        ]
    },
    {
        "repeatable": false,
        "minLevel": 5,
        "maxLevel": 99,
        "maxBots": 2,
        "desirability": 25,
        "name": "Sawmill Warehouse",
        "objectives" : [
            {
                "repeatable": false,
                "minDistanceFromBot": 5,
                "maxDistanceFromBot": 750,
                "maxRunDistance": 10,
                "steps": [
                    {
                        "position" : {
                            "x": 77.10556,
                            "y": -1.77957737,
                            "z": -47.3434563
                        }
                    },
                    {
                        "position" : {
                            "x": 80.1367,
                            "y": -1.77957869,
                            "z": -39.44866
                        }
                    }
                ]
            },
            {
                "repeatable": false,
                "minDistanceFromBot": 5,
                "maxDistanceFromBot": 750,
                "steps": [
                    {
                        "position" : {
                            "x": 55.49185,
                            "y": -2.665625,
                            "z": -48.08142
                        }
                    }
                ]
            }
        ]
    },
    {
        "repeatable": false,
        "minLevel": 15,
        "maxLevel": 99,
        "maxBots": 2,
        "desirability": 10,
        "pmcsOnly": true,
        "name": "Sawmill Common Fund Stash",
        "objectives" : [
            {
                "repeatable": false,
                "minDistanceFromBot": 5,
                "maxDistanceFromBot": 750,
                "steps": [
                    {
                        "position" : {
                            "x": 24.0236053,
                            "y": -2.62782359,
                            "z": -30.522398
                        }
                    }
                ]
            }
        ]
    },
    {
        "repeatable": true,
        "minLevel": 3,
        "maxLevel": 99,
        "maxBots": 2,
        "desirability": 20,
        "name": "Spine",
        "objectives" : [
            {
                "repeatable": true,
                "minDistanceFromBot": 5,
                "maxDistanceFromBot": 500,
                "steps": [
                    {
                        "position" : {
                            "x": -248.281311,
                            "y": 26.28598,
                            "z": -196.449127
                        }
                    }
                ]
            },
            {
                "repeatable": true,
                "minDistanceFromBot": 5,
                "maxDistanceFromBot": 500,
                "steps": [
                    {
                        "position" : {
                            "x": -333.594666,
                            "y": 28.02395,
                            "z": -227.685669
                        }
                    }
                ]
            }
        ]
    },
    {
        "repeatable": false,
        "minLevel": 0,
        "maxLevel": 99,
        "maxBots": 2,
        "desirability": 30,
        "name": "Sniper Rock Crates",
        "objectives" : [
            {
                "repeatable": false,
                "minDistanceFromBot": 5,
                "maxDistanceFromBot": 750,
                "steps": [
                    {
                        "position" : {
                            "x": -155.813644,
                            "y": 51.1307945,
                            "z": -275.110626
                        }
                    }
                ]
            },
            {
                "repeatable": false,
                "minDistanceFromBot": 5,
                "maxDistanceFromBot": 750,
                "steps": [
                    {
                        "position" : {
                            "x": -232.665787,
                            "y": 67.69444,
                            "z": -229.943024
                        }
                    }
                ]
            },
            {
                "repeatable": false,
                "minDistanceFromBot": 5,
                "maxDistanceFromBot": 750,
                "steps": [
                    {
                        "position" : {
                            "x": -210.42453,
                            "y": 76.26718,
                            "z": -272.8206
                        }
                    }
                ]
            }
        ]
    },
    {
        "repeatable": true,
        "minLevel": 0,
        "maxLevel": 99,
        "maxBots": 2,
        "desirability": 25,
        "name": "Sawmill Checkpoint",
        "objectives" : [
            {
                "repeatable": true,
                "minDistanceFromBot": 5,
                "maxDistanceFromBot": 750,
                "steps": [
                    {
                        "position" : {
                            "x": 239.719971,
                            "y": -1.81444216,
                            "z": -70.82752
                        }
                    },
                    {
                        "position" : {
                            "x": 242.006912,
                            "y": -1.81444192,
                            "z": -69.9622345
                        }
                    },
                    {
                        "position" : {
                            "x": 238.390274,
                            "y": -2.4683075,
                            "z": -61.74488
                        }
                    },
                    {
                        "position" : {
                            "x": 231.783539,
                            "y": -2.2582314,
                            "z": -69.59268
                        }
                    }
                ]
            }
        ]
    },
    {
        "repeatable": true,
        "isSniping": true,
        "minLevel": 5,
        "maxLevel": 99,
        "maxBots": 2,
        "desirability": 20,
        "pmcsOnly": true,
        "name": "Sawmill Checkpoint Sniping",
        "objectives" : [
            {
                "repeatable": true,
                "minDistanceFromBot": 5,
                "maxDistanceFromBot": 500,
                "lootAfterCompleting": "Inhibit",
                "steps": [
                    {
                        "waitTimeAfterCompleting": 0,
                        "position" : {
                            "x": 218.134415,
                            "y": -0.5729273,
                            "z": -132.790054
                        }
                    },
                    {
                        "stepType" : "HoldAtPosition",
                        "maxDistance": 5,
                        "minElapsedTime": {
                            "min": 20,
                            "max": 120
                        },
                        "position" : {
                            "x": 218.134415,
                            "y": -0.5729273,
                            "z": -132.790054
                        }
                    }
                ]
            }
        ]
    },
    {
        "repeatable": true,
        "isSniping": true,
        "minLevel": 5,
        "maxLevel": 99,
        "maxBots": 1,
        "maxBotsInGroup": 1,
        "desirability": 10,
        "pmcsOnly": true,
        "name": "Sawmill Checkpoint Sniping 2",
        "objectives" : [
            {
                "repeatable": true,
                "minDistanceFromBot": 5,
                "maxDistanceFromBot": 500,
                "lootAfterCompleting": "Inhibit",
                "steps": [
                    {
                        "waitTimeAfterCompleting": 1,
                        "position" : {
                            "x": 367.0136,
                            "y": 4.35501528,
                            "z": -9.116802
                        }
                    },
                    {
                        "stepType" : "Ambush",
                        "minElapsedTime": {
                            "min": 45,
                            "max": 180
                        },
                        "position" : {
                            "x": 367.0136,
                            "y": 4.35501528,
                            "z": -9.116802
                        },
                        "lookToPosition" : {
                            "x": 239.574051,
                            "y": -2.43714762,
                            "z": -65.56686
                        }
                    }
                ]
            }
        ]
    },
    {
        "repeatable": false,
        "minLevel": 0,
        "maxLevel": 99,
        "maxBots": 2,
        "desirability": 20,
        "name": "Sawmill Checkpoint Nearby Rocks",
        "objectives" : [
            {
                "repeatable": false,
                "minDistanceFromBot": 5,
                "maxDistanceFromBot": 500,
                "steps": [
                    {
                        "position" : {
                            "x": 356.582642,
                            "y": -0.547618449,
                            "z": -88.39071
                        }
                    }
                ]
            }
        ]
    },
    {
        "repeatable": false,
        "minLevel": 7,
        "maxLevel": 99,
        "maxBots": 2,
        "desirability": 25,
        "name": "ZB-014 Inner Room",
        "objectives" : [
            {
                "repeatable": false,
                "minDistanceFromBot": 5,
                "maxDistanceFromBot": 9999,
                "maxRunDistance": 10,
                "steps": [
                    {
                        "position" : {
                            "x": 446.2245,
                            "y": -14.2453909,
                            "z": 61.3314667
                        }
                    }
                ]
            }
        ]
    },
    {
        "repeatable": true,
        "isSniping": true,
        "minLevel": 5,
        "maxLevel": 99,
        "maxBots": 2,
        "maxBotsInGroup": 1,
        "desirability": 30,
        "pmcsOnly": true,
        "name": "Scav House Sniping",
        "objectives" : [
            {
                "repeatable": true,
                "minDistanceFromBot": 5,
                "maxDistanceFromBot": 750,
                "lootAfterCompleting": "Inhibit",
                "steps": [
                    {
                        "waitTimeAfterCompleting": 0,
                        "position" : {
                            "x": 315.242,
                            "y": -5.0619173,
                            "z": 268.3706
                        }
                    },
                    {
                        "stepType" : "Ambush",
                        "minElapsedTime": {
                            "min": 30,
                            "max": 120
                        },
                        "position" : {
                            "x": 315.242,
                            "y": -5.0619173,
                            "z": 268.3706
                        },
                        "lookToPosition" : {
                            "x": 378.620575,
                            "y": -13.9451685,
                            "z": 225.87352
                        }
                    }
                ]
            },
            {
                "repeatable": true,
                "minDistanceFromBot": 5,
                "maxDistanceFromBot": 750,
                "lootAfterCompleting": "Inhibit",
                "steps": [
                    {
                        "waitTimeAfterCompleting": 0,
                        "position" : {
                            "x": 388.109528,
                            "y": -11.7437077,
                            "z": 286.043579
                        }
                    },
                    {
                        "stepType" : "HoldAtPosition",
                        "maxDistance": 5,
                        "minElapsedTime": {
                            "min": 30,
                            "max": 120
                        },
                        "position" : {
                            "x": 388.109528,
                            "y": -11.7437077,
                            "z": 286.043579
                        }
                    }
                ]
            },
            {
                "repeatable": true,
                "minDistanceFromBot": 5,
                "maxDistanceFromBot": 750,
                "lootAfterCompleting": "Inhibit",
                "steps": [
                    {
                        "waitTimeAfterCompleting": 0,
                        "position" : {
                            "x": 448.592,
                            "y": -17.1530151,
                            "z": 245.3854
                        }
                    },
                    {
                        "stepType" : "Ambush",
                        "minElapsedTime": {
                            "min": 30,
                            "max": 120
                        },
                        "position" : {
                            "x": 448.592,
                            "y": -17.1530151,
                            "z": 245.3854
                        },
                        "lookToPosition" : {
                            "x": 415.9458,
                            "y": -13.1464424,
                            "z": 230.151657
                        }
                    }
                ]
            }
        ]
    },
    {
        "repeatable": false,
        "minLevel": 0,
        "maxLevel": 99,
        "maxBots": 2,
        "desirability": 30,
        "name": "Old Sawmill",
        "objectives" : [
            {
                "repeatable": false,
                "minDistanceFromBot": 5,
                "maxDistanceFromBot": 500,
                "maxRunDistance": 6,
                "steps": [
                    {
                        "position" : {
                            "x": -512.148438,
                            "y": 15.9153662,
                            "z": -177.12027
                        }
                    }
                ]
            },
            {
                "repeatable": false,
                "minDistanceFromBot": 5,
                "maxDistanceFromBot": 500,
                "maxRunDistance": 6,
                "steps": [
                    {
                        "position" : {
                            "x": -548.2082,
                            "y": 18.1274471,
                            "z": -205.271057
                        }
                    },
                    {
                        "position" : {
                            "x": -545.0109,
                            "y": 18.1355953,
                            "z": -201.315292
                        }
                    }
                ]
            },
            {
                "repeatable": false,
                "minDistanceFromBot": 5,
                "maxDistanceFromBot": 500,
                "maxRunDistance": 6,
                "steps": [
                    {
                        "position" : {
                            "x": -534.3246,
                            "y": 18.10662,
                            "z": -204.977951
                        }
                    }
                ]
            },
            {
                "repeatable": false,
                "minDistanceFromBot": 5,
                "maxDistanceFromBot": 500,
                "maxRunDistance": 3,
                "steps": [
                    {
                        "position" : {
                            "x": -548.775146,
                            "y": 15.0666914,
                            "z": -206.331055
                        }
                    },
                    {
                        "position" : {
                            "x": -536.6308,
                            "y": 15.0254726,
                            "z": -212.136566
                        }
                    },
                    {
                        "position" : {
                            "x": -538.111755,
                            "y": 15.0385208,
                            "z": -204.684189
                        }
                    }
                ]
            },
            {
                "repeatable": false,
                "minDistanceFromBot": 5,
                "maxDistanceFromBot": 500,
                "maxRunDistance": 3,
                "steps": [
                    {
                        "position" : {
                            "x": -564.206543,
                            "y": 21.3955631,
                            "z": -216.554535
                        }
                    }
                ]
            }
        ]
    },
    {
        "repeatable": true,
        "isSniping": true,
        "minLevel": 5,
        "maxLevel": 99,
        "maxBots": 2,
        "maxBotsInGroup": 1,
        "desirability": 25,
        "pmcsOnly": true,
        "name": "Scav Town Sniping",
        "objectives" : [
            {
                "repeatable": true,
                "minDistanceFromBot": 5,
                "maxDistanceFromBot": 750,
                "lootAfterCompleting": "Inhibit",
                "steps": [
                    {
                        "waitTimeAfterCompleting": 0,
                        "position" : {
                            "x": -508.473572,
                            "y": 23.2766037,
                            "z": -283.2213
                        }
                    },
                    {
                        "stepType" : "Ambush",
                        "minElapsedTime": {
                            "min": 45,
                            "max": 180
                        },
                        "position" : {
                            "x": -508.473572,
                            "y": 23.2766037,
                            "z": -283.2213
                        },
                        "lookToPosition" : {
                            "x": -478.286163,
                            "y": 15.1605082,
                            "z": -370.1348
                        }
                    }
                ]
            },
            {
                "repeatable": true,
                "minDistanceFromBot": 5,
                "maxDistanceFromBot": 750,
                "lootAfterCompleting": "Inhibit",
                "steps": [
                    {
                        "waitTimeAfterCompleting": 0,
                        "position" : {
                            "x": -521.9508,
                            "y": 21.679018,
                            "z": -287.813782
                        }
                    },
                    {
                        "stepType" : "Ambush",
                        "minElapsedTime": {
                            "min": 45,
                            "max": 180
                        },
                        "position" : {
                            "x": -521.9508,
                            "y": 21.679018,
                            "z": -287.813782
                        },
                        "lookToPosition" : {
                            "x": -478.286163,
                            "y": 15.1605082,
                            "z": -370.1348
                        }
                    }
                ]
            },
            {
                "repeatable": true,
                "minDistanceFromBot": 5,
                "maxDistanceFromBot": 750,
                "lootAfterCompleting": "Inhibit",
                "steps": [
                    {
                        "waitTimeAfterCompleting": 0,
                        "position" : {
                            "x": -487.4673,
                            "y": 22.4202023,
                            "z": -271.866455
                        }
                    },
                    {
                        "stepType" : "Ambush",
                        "minElapsedTime": {
                            "min": 45,
                            "max": 180
                        },
                        "position" : {
                            "x": -487.4673,
                            "y": 22.4202023,
                            "z": -271.866455
                        },
                        "lookToPosition" : {
                            "x": -490.611481,
                            "y": 14.9047346,
                            "z": -393.586945
                        }
                    }
                ]
            }
        ]
    },
    {
        "repeatable": true,
        "minLevel": 0,
        "maxLevel": 99,
        "maxBots": 3,
        "desirability": 25,
        "name": "Scav Town",
        "objectives" : [
            {
                "repeatable": true,
                "minDistanceFromBot": 5,
                "maxDistanceFromBot": 750,
                "maxRunDistance": 9,
                "steps": [
                    {
                        "position" : {
                            "x": -460.5816,
                            "y": 15.5233068,
                            "z": -364.776917
                        }
                    },
                    {
                        "position" : {
                            "x": -463.8877,
                            "y": 15.52998,
                            "z": -361.849274
                        }
                    },
                    {
                        "position" : {
                            "x": -462.123,
                            "y": 18.6610489,
                            "z": -364.8892
                        }
                    }
                ]
            },
            {
                "repeatable": true,
                "minDistanceFromBot": 5,
                "maxDistanceFromBot": 750,
                "maxRunDistance": 5,
                "steps": [
                    {
                        "position" : {
                            "x": -463.29126,
                            "y": 15.1822624,
                            "z": -331.61142
                        }
                    }
                ]
            },
            {
                "repeatable": true,
                "minDistanceFromBot": 5,
                "maxDistanceFromBot": 750,
                "maxRunDistance": 12,
                "steps": [
                    {
                        "position" : {
                            "x": -498.9938,
                            "y": 15.2425175,
                            "z": -403.2168
                        }
                    },
                    {
                        "position" : {
                            "x": -498.475159,
                            "y": 15.2425184,
                            "z": -399.584229
                        }
                    }
                ]
            },
            {
                "repeatable": true,
                "minDistanceFromBot": 5,
                "maxDistanceFromBot": 750,
                "maxRunDistance": 6,
                "steps": [
                    {
                        "position" : {
                            "x": -507.23703,
                            "y": 15.5050735,
                            "z": -391.810181
                        }
                    },
                    {
                        "position" : {
                            "x": -512.539856,
                            "y": 15.5050726,
                            "z": -390.35025
                        }
                    }
                ]
            },
            {
                "repeatable": true,
                "minDistanceFromBot": 5,
                "maxDistanceFromBot": 750,
                "maxRunDistance": 12,
                "steps": [
                    {
                        "position" : {
                            "x": -454.75824,
                            "y": 15.3771315,
                            "z": -399.002716
                        }
                    },
                    {
                        "position" : {
                            "x": -452.867371,
                            "y": 15.3771229,
                            "z": -392.810516
                        }
                    },
                    {
                        "position" : {
                            "x": -463.0984,
                            "y": 15.0439882,
                            "z": -395.955475
                        }
                    }
                ]
            }
        ]
    },
    {
        "repeatable": false,
        "minLevel": 0,
        "maxLevel": 99,
        "maxBots": 2,
        "desirability": 20,
        "name": "VEX Beach",
        "objectives" : [
            {
                "repeatable": false,
                "minDistanceFromBot": 5,
                "maxDistanceFromBot": 750,
                "steps": [
                    {
                        "position" : {
                            "x": -523.225769,
                            "y": 9.979723,
                            "z": -474.036346
                        }
                    },
                    {
                        "position" : {
                            "x": -530.8993,
                            "y": 10.1336212,
                            "z": -463.429474
                        }
                    }
                ]
            }
        ]
    },
    {
        "repeatable": true,
        "minLevel": 0,
        "maxLevel": 99,
        "maxBots": 2,
        "desirability": 20,
        "name": "Scav Bridge Overlook",
        "objectives" : [
            {
                "repeatable": true,
                "minDistanceFromBot": 5,
                "maxDistanceFromBot": 500,
                "steps": [
                    {
                        "position" : {
                            "x": 134.112366,
                            "y": 24.5597134,
                            "z": -758.4981
                        }
                    }
                ]
            },
            {
                "repeatable": true,
                "minDistanceFromBot": 5,
                "maxDistanceFromBot": 500,
                "steps": [
                    {
                        "position" : {
                            "x": 131.551071,
                            "y": 24.5897121,
                            "z": -733.8008
                        }
                    }
                ]
            },
            {
                "repeatable": true,
                "minDistanceFromBot": 5,
                "maxDistanceFromBot": 500,
                "steps": [
                    {
                        "position" : {
                            "x": 141.973083,
                            "y": 24.399416,
                            "z": -729.4716
                        }
                    }
                ]
            },
            {
                "repeatable": true,
                "minDistanceFromBot": 5,
                "maxDistanceFromBot": 500,
                "steps": [
                    {
                        "position" : {
                            "x": 140.3757,
                            "y": 27.19339,
                            "z": -726.4303
                        }
                    }
                ]
            }
        ]
    },
    {
        "repeatable": true,
        "minLevel": 0,
        "maxLevel": 99,
        "maxBots": 2,
        "desirability": 20,
        "canRunBetweenObjectives": false,
        "name": "Scav Bunker",
        "objectives" : [
            {
                "repeatable": true,
                "minDistanceFromBot": 5,
                "maxDistanceFromBot": 750,
                "steps": [
                    {
                        "position" : {
                            "x": 225.0395,
                            "y": 24.32888,
                            "z": -695.7586
                        }
                    },
                    {
                        "position" : {
                            "x": 232.451248,
                            "y": 24.2566319,
                            "z": -701.5514
                        }
                    }
                ]
            },
            {
                "repeatable": true,
                "minDistanceFromBot": 5,
                "maxDistanceFromBot": 750,
                "steps": [
                    {
                        "position" : {
                            "x": 224.623245,
                            "y": 24.6960411,
                            "z": -717.584
                        }
                    },
                    {
                        "position" : {
                            "x": 231.684082,
                            "y": 24.3432636,
                            "z": -711.3591
                        }
                    }
                ]
            },
            {
                "repeatable": true,
                "minDistanceFromBot": 5,
                "maxDistanceFromBot": 750,
                "maxRunDistance": 10,
                "steps": [
                    {
                        "position" : {
                            "x": 222.829453,
                            "y": 20.149086,
                            "z": -707.4061
                        }
                    },
                    {
                        "position" : {
                            "x": 231.006531,
                            "y": 20.1490669,
                            "z": -708.5816
                        }
                    }
                ]
            }
        ]
    },
    {
        "repeatable": false,
        "minLevel": 0,
        "maxLevel": 99,
        "maxBots": 2,
        "desirability": 35,
        "canRunBetweenObjectives": false,
        "name": "USEC Camp North",
        "objectives" : [
            {
                "repeatable": false,
                "minDistanceFromBot": 5,
                "maxDistanceFromBot": 9999,
                "steps": [
                    {
                        "position" : {
                            "x": 270.300781,
                            "y": 22.8832073,
                            "z": -510.708038
                        }
                    },
                    {
                        "position" : {
                            "x": 273.998077,
                            "y": 22.88321,
                            "z": -513.3103
                        }
                    },
                    {
                        "position" : {
                            "x": 277.2086,
                            "y": 22.8832054,
                            "z": -504.259369
                        }
                    }
                ]
            },
            {
                "repeatable": false,
                "minDistanceFromBot": 5,
                "maxDistanceFromBot": 9999,
                "steps": [
                    {
                        "position" : {
                            "x": 284.425049,
                            "y": 22.88321,
                            "z": -515.6045
                        }
                    },
                    {
                        "position" : {
                            "x": 284.587982,
                            "y": 22.8832054,
                            "z": -518.711243
                        }
                    }
                ]
            },
            {
                "repeatable": false,
                "minDistanceFromBot": 5,
                "maxDistanceFromBot": 9999,
                "steps": [
                    {
                        "position" : {
                            "x": 289.124725,
                            "y": 22.8832073,
                            "z": -512.725464
                        }
                    }
                ]
            },
            {
                "repeatable": false,
                "minDistanceFromBot": 5,
                "maxDistanceFromBot": 9999,
                "steps": [
                    {
                        "position" : {
                            "x": 296.374237,
                            "y": 22.8941917,
                            "z": -507.389465
                        }
                    },
                    {
                        "position" : {
                            "x": 295.0734,
                            "y": 22.8941917,
                            "z": -504.469971
                        }
                    }
                ]
            }
        ]
    },
    {
        "repeatable": false,
        "minLevel": 0,
        "maxLevel": 99,
        "maxBots": 2,
        "desirability": 35,
        "canRunBetweenObjectives": false,
        "name": "USEC Camp South",
        "objectives" : [
            {
                "repeatable": false,
                "minDistanceFromBot": 5,
                "maxDistanceFromBot": 9999,
                "steps": [
                    {
                        "position" : {
                            "x": 303.395264,
                            "y": 22.9642925,
                            "z": -462.271576
                        }
                    },
                    {
                        "position" : {
                            "x": 308.519135,
                            "y": 23.0367088,
                            "z": -463.768646
                        }
                    },
                    {
                        "position" : {
                            "x": 306.591644,
                            "y": 22.8941956,
                            "z": -459.65332
                        }
                    }
                ]
            },
            {
                "repeatable": false,
                "minDistanceFromBot": 5,
                "maxDistanceFromBot": 9999,
                "steps": [
                    {
                        "position" : {
                            "x": 297.6463,
                            "y": 22.8302231,
                            "z": -439.7915
                        }
                    }
                ]
            },
            {
                "repeatable": false,
                "minDistanceFromBot": 5,
                "maxDistanceFromBot": 9999,
                "steps": [
                    {
                        "position" : {
                            "x": 283.484039,
                            "y": 23.2080116,
                            "z": -436.05188
                        }
                    },
                    {
                        "position" : {
                            "x": 271.9399,
                            "y": 22.854269,
                            "z": -442.489532
                        }
                    },
                    {
                        "position" : {
                            "x": 278.378,
                            "y": 22.9436378,
                            "z": -434.8771
                        }
                    },
                    {
                        "position" : {
                            "x": 274.6248,
                            "y": 22.882719,
                            "z": -430.410431
                        }
                    }
                ]
            }
        ]
    },
    {
        "repeatable": false,
        "minLevel": 0,
        "maxLevel": 99,
        "maxBots": 2,
        "desirability": 35,
        "name": "Weapon Storage Shack",
        "objectives" : [
            {
                "repeatable": false,
                "minDistanceFromBot": 5,
                "maxDistanceFromBot": 500,
                "steps": [
                    {
                        "position" : {
                            "x": 243.096069,
                            "y": -8.462602,
                            "z": 124.231667
                        }
                    }
                ]
            }
        ]
    },
    {
        "repeatable": false,
        "minLevel": 0,
        "maxLevel": 99,
        "maxBots": 2,
        "desirability": 20,
        "name": "Sunken Village",
        "objectives" : [
            {
                "repeatable": false,
                "minDistanceFromBot": 5,
                "maxDistanceFromBot": 300,
                "steps": [
                    {
                        "position" : {
                            "x": -45.8186455,
                            "y": 8.657747,
                            "z": -599.737854
                        }
                    }
                ]
            },
            {
                "repeatable": false,
                "minDistanceFromBot": 5,
                "maxDistanceFromBot": 300,
                "steps": [
                    {
                        "position" : {
                            "x": -172.435959,
                            "y": 12.5000238,
                            "z": -688.386841
                        }
                    }
                ]
            },
            {
                "repeatable": false,
                "minDistanceFromBot": 5,
                "maxDistanceFromBot": 300,
                "steps": [
                    {
                        "position" : {
                            "x": -36.99905,
                            "y": 9.955526,
                            "z": -740.6579
                        }
                    }
                ]
            }
        ]
    },
    {
        "repeatable": false,
        "minLevel": 0,
        "maxLevel": 99,
        "maxBots": 2,
        "desirability": 20,
        "name": "Northern UN Roadblock",
        "objectives" : [
            {
                "repeatable": false,
                "minDistanceFromBot": 5,
                "maxDistanceFromBot": 500,
                "steps": [
                    {
                        "position" : {
                            "x": -563.797363,
                            "y": 9.753631,
                            "z": -77.74115
                        }
                    }
                ]
            }
        ]
    },
    {
        "repeatable": false,
        "minLevel": 0,
        "maxLevel": 99,
        "maxBots": 2,
        "desirability": 15,
        "name": "Dead Man's Place",
        "objectives" : [
            {
                "repeatable": false,
                "minDistanceFromBot": 5,
                "maxDistanceFromBot": 300,
                "steps": [
                    {
                        "position" : {
                            "x": 194.422989,
                            "y": -14.9313993,
                            "z": 260.631073
                        }
                    }
                ]
            }
        ]
    },
    {
        "repeatable": true,
        "isCamping": true,
        "minLevel": 5,
        "maxLevel": 99,
        "maxBots": 2,
        "maxBotsInGroup": 10,
        "desirability": 20,
        "pmcsOnly": true,
        "name": "Sawmill Patrol",
        "objectives" : [
            {
                "repeatable": true,
                "minDistanceFromBot": 5,
                "maxDistanceFromBot": 750,
                "steps": [
                    {
                        "waitTimeAfterCompleting": 0,
                        "position" : {
                            "x": -23.4741669,
                            "y": 6.01007366,
                            "z": -81.3190842
                        }
                    },
                    {
                        "stepType" : "HoldAtPosition",
                        "maxDistance": 5,
                        "minElapsedTime": {
                            "min": 20,
                            "max": 120
                        },
                        "position" : {
                            "x": -23.4741669,
                            "y": 6.01007366,
                            "z": -81.3190842
                        }
                    }
                ]
            },
            {
                "repeatable": true,
                "minDistanceFromBot": 5,
                "maxDistanceFromBot": 750,
                "steps": [
                    {
                        "waitTimeAfterCompleting": 0,
                        "position" : {
                            "x": -20.29293,
                            "y": 4.830707,
                            "z": -55.89834
                        }
                    },
                    {
                        "stepType" : "HoldAtPosition",
                        "maxDistance": 5,
                        "minElapsedTime": {
                            "min": 20,
                            "max": 120
                        },
                        "position" : {
                            "x": -20.29293,
                            "y": 4.830707,
                            "z": -55.89834
                        }
                    }
                ]
            },
            {
                "repeatable": true,
                "minDistanceFromBot": 5,
                "maxDistanceFromBot": 750,
                "steps": [
                    {
                        "waitTimeAfterCompleting": 0,
                        "position" : {
                            "x": -43.47702,
                            "y": 3.606523,
                            "z": 24.4091148
                        }
                    },
                    {
                        "stepType" : "HoldAtPosition",
                        "maxDistance": 5,
                        "minElapsedTime": {
                            "min": 20,
                            "max": 120
                        },
                        "position" : {
                            "x": -43.47702,
                            "y": 3.606523,
                            "z": 24.4091148
                        }
                    }
                ]
            },
            {
                "repeatable": true,
                "minDistanceFromBot": 5,
                "maxDistanceFromBot": 750,
                "steps": [
                    {
                        "waitTimeAfterCompleting": 0,
                        "position" : {
                            "x": -32.9204941,
                            "y": 4.56304932,
                            "z": -28.500124
                        }
                    },
                    {
                        "stepType" : "HoldAtPosition",
                        "maxDistance": 5,
                        "minElapsedTime": {
                            "min": 20,
                            "max": 120
                        },
                        "position" : {
                            "x": -32.9204941,
                            "y": 4.56304932,
                            "z": -28.500124
                        }
                    }
                ]
            },
            {
                "repeatable": true,
                "minDistanceFromBot": 5,
                "maxDistanceFromBot": 750,
                "steps": [
                    {
                        "waitTimeAfterCompleting": 0,
                        "position" : {
                            "x": -46.4890556,
                            "y": 5.20278549,
                            "z": 6.61853552
                        }
                    },
                    {
                        "stepType" : "HoldAtPosition",
                        "maxDistance": 5,
                        "minElapsedTime": {
                            "min": 20,
                            "max": 120
                        },
                        "position" : {
                            "x": -46.4890556,
                            "y": 5.20278549,
                            "z": 6.61853552
                        }
                    }
                ]
            }
        ]
    },
    {
        "repeatable": true,
        "isSniping": true,
        "minLevel": 0,
        "maxLevel": 99,
        "maxBots": 1,
        "maxBotsInGroup": 1,
        "desirability": 10,
        "pmcsOnly": true,
        "name": "Sawmill Sniping",
        "objectives" : [
            {
                "repeatable": true,
                "minDistanceFromBot": 5,
                "maxDistanceFromBot": 500,
                "steps": [
                    {
                        "waitTimeAfterCompleting": 2,
                        "position" : {
                            "x": 120.327065,
                            "y": 3.3720274,
                            "z": 14.428956
                        }
                    },
                    {
                        "stepType" : "Ambush",
                        "minElapsedTime": {
                            "min": 45,
                            "max": 180
                        },
                        "position" : {
                            "x": 120.327065,
                            "y": 3.3720274,
                            "z": 14.428956
                        },
                        "lookToPosition" : {
                            "x": 74.95339,
                            "y": -2.67804122,
                            "z": -33.63209
                        }
                    }
                ]
            }
        ]
    },
    {
        "repeatable": true,
        "isSniping": true,
        "minLevel": 0,
        "maxLevel": 99,
        "maxBots": 1,
        "maxBotsInGroup": 1,
        "desirability": 10,
        "pmcsOnly": true,
        "name": "Sawmill Beach Sniping",
        "objectives" : [
            {
                "repeatable": true,
                "minDistanceFromBot": 5,
                "maxDistanceFromBot": 500,
                "lootAfterCompleting": "Inhibit",
                "steps": [
                    {
                        "waitTimeAfterCompleting": 1,
                        "position" : {
                            "x": -73.9709,
                            "y": -5.62229538,
                            "z": 162.178192
                        }
                    },
                    {
                        "stepType" : "Ambush",
                        "minElapsedTime": {
                            "min": 45,
                            "max": 180
                        },
                        "position" : {
                            "x": -73.9709,
                            "y": -5.62229538,
                            "z": 162.178192
                        },
                        "lookToPosition" : {
                            "x": 6.194769,
                            "y": -14.6653271,
                            "z": 89.1092
                        }
                    }
                ]
            }
        ]
    },
    {
        "repeatable": false,
        "minLevel": 0,
        "maxLevel": 99,
        "maxBots": 2,
        "desirability": 15,
        "name": "Convoy",
        "objectives" : [
            {
                "repeatable": false,
                "minDistanceFromBot": 5,
                "maxDistanceFromBot": 750,
                "steps": [
                    {
                        "position" : {
                            "x": 192.145935,
                            "y": 10.6605768,
                            "z": -588.1613
                        }
                    }
                ]
            },
            {
                "repeatable": false,
                "minDistanceFromBot": 5,
                "maxDistanceFromBot": 750,
                "steps": [
                    {
                        "position" : {
                            "x": 197.10498,
                            "y": 11.0285559,
                            "z": -598.081665
                        }
                    }
                ]
            }
        ]
    },
    {
        "repeatable": false,
        "minLevel": 0,
        "maxLevel": 99,
        "maxBots": 2,
        "desirability": 20,
        "name": "Sawmill Marked Circle",
        "objectives" : [
            {
                "repeatable": false,
                "minDistanceFromBot": 5,
                "maxDistanceFromBot": 500,
                "maxRunDistance": 10,
                "steps": [
                    {
                        "position" : {
                            "x": 194.042389,
                            "y": 0.274127424,
                            "z": -6.58319759
                        }
                    }
                ]
            }
        ]
    },
    {
        "repeatable": false,
        "minLevel": 0,
        "maxLevel": 99,
        "maxBots": 2,
        "desirability": 15,
        "name": "Sawmill Camp",
        "objectives" : [
            {
                "repeatable": false,
                "minDistanceFromBot": 5,
                "maxDistanceFromBot": 300,
                "steps": [
                    {
                        "position" : {
                            "x": 133.202728,
                            "y": -3.67785549,
                            "z": 100.8018
                        }
                    }
                ]
            }
        ]
    },
    {
        "repeatable": false,
        "minLevel": 0,
        "maxLevel": 99,
        "maxBots": 2,
        "desirability": 10,
        "name": "ZB014 Outhouses",
        "objectives" : [
            {
                "repeatable": false,
                "minDistanceFromBot": 5,
                "maxDistanceFromBot": 500,
                "steps": [
                    {
                        "position" : {
                            "x": 429.127625,
                            "y": -5.44915342,
                            "z": -24.4268322
                        }
                    }
                ]
            }
        ]
    },
    {
        "repeatable": false,
        "minLevel": 0,
        "maxLevel": 99,
        "maxBots": 2,
        "desirability": 10,
        "name": "Scav House",
        "objectives" : [
            {
                "repeatable": false,
                "minDistanceFromBot": 5,
                "maxDistanceFromBot": 300,
                "steps": [
                    {
                        "position" : {
                            "x": 414.505768,
                            "y": -13.587635,
                            "z": 239.253647
                        }
                    }
                ]
            }
        ]
    },
    {
        "repeatable": true,
        "isSniping": true,
        "minLevel": 0,
        "maxLevel": 99,
        "maxBots": 1,
        "maxBotsInGroup": 1,
        "desirability": 15,
        "pmcsOnly": true,
        "name": "Scav Base Sniping",
        "objectives" : [
            {
                "repeatable": true,
                "minDistanceFromBot": 5,
                "maxDistanceFromBot": 750,
                "lootAfterCompleting": "Inhibit",
                "steps": [
                    {
                        "waitTimeAfterCompleting": 1,
                        "position" : {
                            "x": -159.7015,
                            "y": 5.72592974,
                            "z": 110.017136
                        }
                    },
                    {
                        "stepType" : "Ambush",
                        "minElapsedTime": {
                            "min": 45,
                            "max": 180
                        },
                        "position" : {
                            "x": -159.7015,
                            "y": 5.72592974,
                            "z": 110.017136
                        },
                        "lookToPosition" : {
                            "x": -189.752625,
                            "y": -1.87394524,
                            "z": 194.856354
                        }
                    }
                ]
            }
        ]
    },
    {
        "repeatable": true,
        "isSniping": true,
        "minLevel": 0,
        "maxLevel": 99,
        "maxBots": 1,
        "maxBotsInGroup": 1,
        "desirability": 15,
        "pmcsOnly": true,
        "name": "RUAF Roadblock Sniping",
        "objectives" : [
            {
                "repeatable": true,
                "minDistanceFromBot": 5,
                "maxDistanceFromBot": 750,
                "lootAfterCompleting": "Inhibit",
                "steps": [
                    {
                        "waitTimeAfterCompleting": 1,
                        "position" : {
                            "x": -99.249176,
                            "y": 0.0240073483,
                            "z": 378.196838
                        }
                    },
                    {
                        "stepType" : "Ambush",
                        "minElapsedTime": {
                            "min": 45,
                            "max": 180
                        },
                        "position" : {
                            "x": -99.249176,
                            "y": 0.0240073483,
                            "z": 378.196838
                        },
                        "lookToPosition" : {
                            "x": -138.1029,
                            "y": -6.42920876,
                            "z": 250.972076
                        }
                    }
                ]
            }
        ]
    }
]