[
    {
        "repeatable": true,
        "minLevel": 0,
        "maxLevel": 99,
        "chanceForSelecting": 30,
        "priority": 18,
        "name": "Hermetic Door Switch",
        "objectives" : [
            {
                "repeatable": true,
                "maxBots": 3,
                "minDistanceFromBot": 30,
                "maxDistanceFromBot": 9999,
                "steps": [
                    {
                        "position" : {
                            "x": -60.28271,
                            "y": -7.04171944,
                            "z": 76.82604
                        }
                    }
                ]
            }
        ]
    },
    {
        "repeatable": false,
        "minLevel": 0,
        "maxLevel": 99,
        "chanceForSelecting": 30,
        "priority": 20,
        "name": "BMP #1",
        "objectives" : [
            {
                "repeatable": false,
                "maxBots": 3,
                "minDistanceFromBot": 30,
                "maxDistanceFromBot": 500,
                "steps": [
                    {
                        "position" : {
                            "x": -97.78958,
                            "y": -5.235301,
                            "z": -149.919464
                        }
                    }
                ]
            }
        ]
    },
    {
        "repeatable": true,
        "minLevel": 0,
        "maxLevel": 99,
        "chanceForSelecting": 30,
        "priority": 20,
        "name": "BMP #1 Tower",
        "objectives" : [
            {
                "repeatable": true,
                "maxBots": 3,
                "minDistanceFromBot": 30,
                "maxDistanceFromBot": 750,
                "steps": [
                    {
                        "position" : {
                            "x": -114.754509,
                            "y": 2.8130424,
                            "z": -153.692276
                        }
                    }
                ]
            }
        ]
    },
    {
        "repeatable": false,
        "minLevel": 0,
        "maxLevel": 99,
        "chanceForSelecting": 30,
        "priority": 20,
        "name": "Scav Lands North Building",
        "objectives" : [
            {
                "repeatable": false,
                "maxBots": 3,
                "minDistanceFromBot": 30,
                "maxDistanceFromBot": 500,
                "steps": [
                    {
                        "position" : {
                            "x": -105.879715,
                            "y": -6.25096273,
                            "z": -96.3053
                        }
                    }
                ]
            }
        ]
    },
    {
        "repeatable": true,
        "minLevel": 0,
        "maxLevel": 99,
        "chanceForSelecting": 30,
        "priority": 20,
        "name": "Scav Lands South Building",
        "objectives" : [
            {
                "repeatable": false,
                "maxBots": 3,
                "minDistanceFromBot": 30,
                "maxDistanceFromBot": 500,
                "steps": [
                    {
                        "position" : {
                            "x": -136.028748,
                            "y": -3.80135655,
                            "z": -136.5407
                        }
                    }
                ]
            },
            {
                "repeatable": true,
                "maxBots": 3,
                "minDistanceFromBot": 30,
                "maxDistanceFromBot": 500,
                "steps": [
                    {
                        "position" : {
                            "x": -144.66449,
                            "y": -7.078307,
                            "z": -130.826447
                        }
                    }
                ]
            }
        ]
    },
    {
        "repeatable": false,
        "minLevel": 0,
        "maxLevel": 99,
        "chanceForSelecting": 30,
        "priority": 20,
        "name": "SW Bunker",
        "objectives" : [
            {
                "repeatable": false,
                "maxBots": 3,
                "minDistanceFromBot": 30,
                "maxDistanceFromBot": 500,
                "steps": [
                    {
                        "position" : {
                            "x": -266.413177,
                            "y": -10.8689308,
                            "z": -76.11035
                        }
                    }
                ]
            }
        ]
    },
    {
        "repeatable": false,
        "minLevel": 0,
        "maxLevel": 99,
        "chanceForSelecting": 30,
        "priority": 20,
        "name": "SW Tank",
        "objectives" : [
            {
                "repeatable": false,
                "maxBots": 3,
                "minDistanceFromBot": 30,
                "maxDistanceFromBot": 500,
                "steps": [
                    {
                        "position" : {
                            "x": -243.0691,
                            "y": -5.391807,
                            "z": -0.5168501
                        }
                    }
                ]
            }
        ]
    },
    {
        "repeatable": false,
        "minLevel": 0,
        "maxLevel": 99,
        "chanceForSelecting": 30,
        "priority": 20,
        "name": "Black Pawn Back Bunker",
        "objectives" : [
            {
                "repeatable": false,
                "maxBots": 3,
                "minDistanceFromBot": 30,
                "maxDistanceFromBot": 500,
                "steps": [
                    {
                        "position" : {
                            "x": -216.207825,
                            "y": -10.8689327,
                            "z": 48.6263275
                        }
                    }
                ]
            }
        ]
    },
    {
        "repeatable": false,
        "minLevel": 0,
        "maxLevel": 99,
        "chanceForSelecting": 30,
        "priority": 20,
        "name": "Helicopter",
        "objectives" : [
            {
                "repeatable": false,
                "maxBots": 3,
                "minDistanceFromBot": 30,
                "maxDistanceFromBot": 500,
                "steps": [
                    {
                        "position" : {
                            "x": -125.128525,
                            "y": -5.361258,
                            "z": 34.0301476
                        }
                    }
                ]
            }
        ]
    },
    {
        "repeatable": false,
        "minLevel": 0,
        "maxLevel": 99,
        "chanceForSelecting": 30,
        "priority": 20,
        "name": "Helicopter Platform Crawl Space",
        "objectives" : [
            {
                "repeatable": false,
                "maxBots": 3,
                "minDistanceFromBot": 30,
                "maxDistanceFromBot": 500,
                "steps": [
                    {
                        "position" : {
                            "x": -91.87741,
                            "y": -6.933006,
                            "z": 36.29373
                        }
                    }
                ]
            }
        ]
    },
    {
        "repeatable": false,
        "minLevel": 0,
        "maxLevel": 99,
        "chanceForSelecting": 30,
        "priority": 20,
        "name": "Trenches",
        "objectives" : [
            {
                "repeatable": false,
                "maxBots": 3,
                "minDistanceFromBot": 30,
                "maxDistanceFromBot": 500,
                "steps": [
                    {
                        "position" : {
                            "x": -16.6778336,
                            "y": -6.94096947,
                            "z": 18.4391346
                        }
                    }
                ]
            },
            {
                "repeatable": false,
                "maxBots": 3,
                "minDistanceFromBot": 30,
                "maxDistanceFromBot": 500,
                "steps": [
                    {
                        "position" : {
                            "x": -3.88529658,
                            "y": -6.935401,
                            "z": 14.305706
                        }
                    }
                ]
            }
        ]
    },
    {
        "repeatable": false,
        "minLevel": 0,
        "maxLevel": 99,
        "chanceForSelecting": 30,
        "priority": 20,
        "name": "Sewer Manhole Building",
        "objectives" : [
            {
                "repeatable": false,
                "maxBots": 3,
                "minDistanceFromBot": 30,
                "maxDistanceFromBot": 500,
                "steps": [
                    {
                        "position" : {
                            "x": 59.1700668,
                            "y": -6.736497,
                            "z": 63.9780769
                        }
                    }
                ]
            },
            {
                "repeatable": false,
                "maxBots": 3,
                "minDistanceFromBot": 30,
                "maxDistanceFromBot": 500,
                "steps": [
                    {
                        "position" : {
                            "x": 70.95511,
                            "y": -6.7364974,
                            "z": 63.14426
                        }
                    }
                ]
            }
        ]
    },
    {
        "repeatable": false,
        "minLevel": 0,
        "maxLevel": 99,
        "chanceForSelecting": 30,
        "priority": 20,
        "name": "RB-ST",
        "objectives" : [
            {
                "repeatable": false,
                "maxBots": 3,
                "minDistanceFromBot": 30,
                "maxDistanceFromBot": 500,
                "steps": [
                    {
                        "position" : {
                            "x": 97.94792,
                            "y": -6.945815,
                            "z": 51.17775
                        }
                    },
                    {
                        "position" : {
                            "x": 100.605347,
                            "y": -6.945814,
                            "z": 60.72301
                        }
                    },
                    {
                        "position" : {
                            "x": 112.106972,
                            "y": -6.94581032,
                            "z": 63.4878464
                        }
                    },
                    {
                        "position" : {
                            "x": 105.921562,
                            "y": -6.9458127,
                            "z": 46.13129
                        }
                    }
                ]
            }
        ]
    },
    {
        "repeatable": false,
        "minLevel": 0,
        "maxLevel": 99,
        "chanceForSelecting": 30,
        "priority": 20,
        "name": "Knight Garages",
        "objectives" : [
            {
                "repeatable": false,
                "maxBots": 3,
                "minDistanceFromBot": 30,
                "maxDistanceFromBot": 500,
                "steps": [
                    {
                        "position" : {
                            "x": 100.815506,
                            "y": -6.945813,
                            "z": 20.630373
                        }
                    }
                ]
            },
            {
                "repeatable": false,
                "maxBots": 3,
                "minDistanceFromBot": 30,
                "maxDistanceFromBot": 500,
                "steps": [
                    {
                        "position" : {
                            "x": 88.83505,
                            "y": -6.94581652,
                            "z": 3.16111827
                        }
                    }
                ]
            }
        ]
    },
    {
        "repeatable": false,
        "minLevel": 0,
        "maxLevel": 99,
        "chanceForSelecting": 30,
        "priority": 20,
        "name": "NW Bunkers",
        "objectives" : [
            {
                "repeatable": false,
                "maxBots": 3,
                "minDistanceFromBot": 30,
                "maxDistanceFromBot": 500,
                "steps": [
                    {
                        "position" : {
                            "x": 144.701492,
                            "y": -10.8599281,
                            "z": 40.3061943
                        }
                    }
                ]
            },
            {
                "repeatable": false,
                "maxBots": 3,
                "minDistanceFromBot": 30,
                "maxDistanceFromBot": 500,
                "steps": [
                    {
                        "position" : {
                            "x": 145.924652,
                            "y": -7.03951359,
                            "z": -1.62661088
                        }
                    }
                ]
            },
            {
                "repeatable": false,
                "maxBots": 3,
                "minDistanceFromBot": 30,
                "maxDistanceFromBot": 500,
                "steps": [
                    {
                        "position" : {
                            "x": 189.892639,
                            "y": -5.13888073,
                            "z": 25.7939434
                        }
                    }
                ]
            },
            {
                "repeatable": false,
                "maxBots": 3,
                "minDistanceFromBot": 30,
                "maxDistanceFromBot": 500,
                "steps": [
                    {
                        "position" : {
                            "x": 233.894836,
                            "y": -10.8299332,
                            "z": -4.140376
                        }
                    }
                ]
            },
            {
                "repeatable": false,
                "maxBots": 3,
                "minDistanceFromBot": 30,
                "maxDistanceFromBot": 500,
                "steps": [
                    {
                        "position" : {
                            "x": 222.95755,
                            "y": -5.36857843,
                            "z": -54.26558
                        }
                    }
                ]
            }
        ]
    }
]