[
    {
        "repeatable": true,
        "minLevel": 0,
        "maxLevel": 99,
        "chanceForSelecting": 30,
        "priority": 20,
        "name": "Radio Station",
        "objectives" : [
            {
                "repeatable": true,
                "maxBots": 3,
                "minDistanceFromBot": 30,
                "maxDistanceFromBot": 9999,
                "steps": [
                    {
                        "position" : {
                            "x": -476.069,
                            "y": -25.5572052,
                            "z": 296.963654
                        }
                    }
                ]
            }
        ]
    }
]